Peak Brightness Date/Time (UT),Latitude (deg.),Longitud (dg.),Altitude (km),Velocity (km/s),vx,vy,vz,Total Radiated Energy (J),Calculated Total Impact Energy (kt)
2/2/2023 20:49,26.2,143.1,33,,,,,30000000000,0.1
1/22/2023 17:11,3.5,76.2,61,,,,,20000000000,0.073
1/17/2023 6:56,33.1,173.7,38,14.2,7.8,-5.6,-10.5,29000000000,0.1
1/11/2023 23:59,31.5,18.6,33.5,17.5,-16.1,4.5,-5.2,46000000000,0.15
1/9/2023 1:17,45.7,135,27,16.7,2.3,-0.4,16.5,90000000000,0.28
1/2/2023 16:38,1.5,129,44.6,,,,,50000000000,0.16
12/29/2022 6:52,42.3,92.9,32.3,16.4,0.2,-12.3,-10.9,62000000000,0.2
12/13/2022 17:26,32.75,2.1,20,18.7,-5.7,14,11,62000000000,0.2
11/20/2022 15:35,17,95.7,50,,,,,33000000000,0.11
11/20/2022 13:53,15,109.7,26,21.7,9,12.3,15.4,34000000000,0.12
11/8/2022 8:54,77.2,93.2,41,,,,,39000000000,0.13
10/28/2022 17:40,7.1,118.9,45,,,,,47000000000,0.16
10/20/2022 20:55,26.6,165.1,65.6,,,,,47000000000,0.16
9/15/2022 2:49,22.7,97.6,31.5,,,,,27000000000,0.095
9/14/2022 23:31,40.8,63.4,35.8,17.4,-13.9,-4.3,9.5,32000000000,0.11
9/4/2022 3:54,20,165.9,14,21.9,18.4,-11.4,-3.5,24000000000,0.086
8/21/2022 16:35,6.3,51.5,37,,,,,21000000000,0.076
8/14/2022 7:39,35,78.4,55.5,,,,,468000000000,1.2
7/28/2022 1:36,6,86.9,37.5,29.9,-17.1,23.5,-7.2,251000000000,0.68
7/27/2022 4:41,44.8,2.9,38.1,19.8,-6.1,17.7,6.5,524000000000,1.3
7/25/2022 7:28,40.5,76.6,33.6,15.2,-2.1,-2.2,14.9,87000000000,0.27
7/22/2022 0:16,23.3,20.5,32.7,17.4,-7.1,15.5,-3.3,60000000000,0.19
7/20/2022 10:56,43,59.6,32.2,16,-0.9,15.6,-3.6,86000000000,0.27
7/8/2022 1:36,21.3,130.1,22,20.2,17.9,-4.1,-8.3,27000000000,0.095
7/7/2022 1:49,41.7,175,35,,,,,734000000000,1.8
6/30/2022 4:02,31.9,12.9,56,,,,,91000000000,0.28
6/26/2022 20:16,69.7,164.7,19,20.1,0.2,-18.3,8.2,65000000000,0.21
6/14/2022 13:12,4.6,39.1,61,,,,,91000000000,0.28
6/7/2022 22:53,40.8,127.1,41.1,24.9,23.1,2,-9.2,31000000000,0.11
5/24/2022 2:38,16.3,30.4,39.8,,,,,126000000000,0.37
4/21/2022 22:15,55.5,68.9,28.4,12.7,-4.2,11.6,3.2,39000000000,0.13
4/12/2022 21:59,8.2,57.8,23.8,20.6,-19.3,-6.3,3.6,52000000000,0.17
4/4/2022 0:30,3.2,64.3,31.5,19.7,-17.6,5.3,-7.2,27000000000,0.095
3/30/2022 18:19,45.9,171.4,74,,,,,20000000000,0.073
3/28/2022 10:20,7.7,74.3,29,19.6,-16.6,-10.4,0.1,378000000000,0.98
3/24/2022 3:43,1.9,20.6,56.7,18.2,-12.4,11.4,6.9,76000000000,0.24
3/11/2022 21:22,70,9.1,33.3,17.2,-11.5,-5.3,-11.7,1850000000000,4
3/6/2022 15:06,4.1,99.5,,,,,,20000000000,0.073
3/3/2022 0:03,50.4,45.9,72,,,,,21000000000,0.076
2/17/2022 12:08,33.5,38.9,41,,,,,27000000000,0.095
2/17/2022 3:53,5.4,56.4,32.4,21.5,-4.4,-19.6,-7.7,65000000000,0.21
2/7/2022 20:06,28.7,11.4,26.5,13.1,-8.9,-7.3,-6.3,3480000000000,7
2/3/2022 19:50,13.3,142.2,36,22.8,17.6,9.7,-10.8,152000000000,0.44
1/30/2022 2:06,50,38,36.6,20,-10.8,16.8,1,54000000000,0.18
1/28/2022 5:04,4.5,73.9,37,,,,,341000000000,0.9
1/11/2022 3:33,58.4,160.2,40.8,22.8,-2.5,5.3,22,1260000000000,2.9
1/1/2022 20:23,66.1,152.6,35.5,,,,,145000000000,0.42
12/29/2021 3:15,69.7,115,44,22,7.4,-8.6,18.8,20000000000,0.073
12/23/2021 21:27,4.9,29.6,37,,,,,21000000000,0.076
12/20/2021 23:15,62.7,60.3,56,18.2,10.3,-7.1,-13.2,32000000000,0.11
12/10/2021 1:19,47.5,172.6,27.5,,,,,50000000000,0.16
11/28/2021 18:06,32.6,113.5,38.4,19.7,0.2,-2.2,-19.6,40000000000,0.13
11/17/2021 15:53,6.8,119.1,35,23,7,-18.3,-12,24000000000,0.086
11/8/2021 5:28,33.8,7.7,36,,,,,33000000000,0.11
10/28/2021 9:10,4.1,138.7,35.2,,,,,30000000000,0.1
10/21/2021 10:32,51.5,51.4,30,15.9,-14.1,-7,-1.9,37000000000,0.13
10/20/2021 8:41,13.8,140.4,28,,,,,60000000000,0.19
10/20/2021 0:43,59,154.3,31.4,27.5,12.9,4.2,-23.9,20000000000,0.073
9/29/2021 10:50,53.9,148,28,21.2,-3.5,-9,-18.9,137000000000,0.4
9/6/2021 17:55,2.1,111.8,26,13.6,-4.4,6.9,10.9,31000000000,0.11
7/30/2021 8:06,7.8,90.1,63,,,,,146000000000,0.42
7/29/2021 13:19,42.4,98.4,26.4,14.7,-1.6,-11.9,-8.4,37000000000,0.13
7/7/2021 13:41,,,,,,,,33000000000,0.11
7/5/2021 3:46,44.3,164.2,43.4,15.7,0.7,15.7,-0.5,740000000000,1.8
6/9/2021 5:43,17.9,55.3,,,,,,23000000000,0.082
5/16/2021 15:51,52.1,171.2,37,,,,,38000000000,0.13
5/6/2021 5:54,34.7,141,31,26.6,9.6,-24.4,-4.6,21000000000,0.076
5/2/2021 14:12,12.3,43.4,,,,,,25000000000,0.089
4/13/2021 2:16,26.8,79.1,44.4,14.1,-2.8,12.6,5.6,21000000000,0.076
4/2/2021 15:52,71.2,106.7,40,14.1,-8.9,6.3,-9,137000000000,0.4
3/6/2021 8:43,48.6,90.4,31.1,18.1,12.7,-4.7,12,141000000000,0.41
3/5/2021 13:50,81.1,141.1,32.5,23.3,10.1,-8.4,19.2,39000000000,0.13
2/28/2021 3:47,9.2,64.1,,,,,,28000000000,0.098
2/9/2021 23:27,75.8,92.8,31,13.1,-5.2,6.3,-10.3,30000000000,0.1
2/2/2021 10:03,48.7,80.1,20,12.8,4,-6.7,-10.1,31000000000,0.11
1/31/2021 2:59,5.3,115.2,39.4,15.2,14,-5.8,1.7,267000000000,0.72
1/29/2021 16:12,38.8,51.3,30,14.3,-14.2,1.9,-0.6,77000000000,0.24
1/25/2021 3:01,38.5,47.6,19.1,,,,,75000000000,0.23
1/24/2021 7:33,45,95.5,37.5,19.2,13.3,-3.7,13.3,61000000000,0.2
12/29/2020 20:32,14.9,158.2,33,14.4,-3,10.2,-9.7,49000000000,0.16
12/28/2020 17:27,36.8,54.7,28.3,15.2,1.5,3.5,-14.7,57000000000,0.18
12/22/2020 23:23,31.9,96.2,35.5,13.6,-2.6,5.9,-12.1,4900000000000,9.5
11/28/2020 16:34,33.3,135.1,28.1,19.6,1.8,-16.5,-10.4,26000000000,0.092
11/25/2020 12:20,30.5,81,,,,,,21000000000,0.076
11/7/2020 21:27,59.8,16.8,22.3,16.7,-10.8,1.2,-12.7,111000000000,0.33
10/26/2020 15:09,5.9,160.4,28.5,17.6,10.9,-13.8,-0.1,114000000000,0.34
10/23/2020 20:51,30,71.9,48,,,,,80000000000,0.25
10/22/2020 17:39,22,133.5,40,17.6,-9.4,14.1,-4.9,44000000000,0.15
10/21/2020 18:57,12.9,150.2,,,,,,22000000000,0.079
10/21/2020 6:38,29.7,93.9,39,,,,,27000000000,0.095
10/19/2020 7:05,48.6,93.9,40.7,,,,,21000000000,0.076
10/18/2020 10:52,11.4,135.8,36,16.4,15.6,1.5,4.9,36000000000,0.12
9/18/2020 8:05,2.4,169.7,46,11.7,10.2,2.9,-4.9,41000000000,0.14
8/30/2020 16:08,26,133.5,27.8,23.4,7.8,-21.7,3.7,64000000000,0.2
8/2/2020 16:36,35.1,34.2,38,11.1,0.5,6,9.3,74000000000,0.23
7/22/2020 2:55,20,103.8,36,,,,,22000000000,0.079
7/20/2020 21:25,51.8,11.2,31.6,14.1,-2.9,-1,-13.8,50000000000,0.16
7/12/2020 7:50,48.7,74,29.4,18.3,-5,-13,-11.9,75000000000,0.23
5/27/2020 17:30,40.8,41.7,29.3,14.9,-6,-7.3,-11.5,57000000000,0.18
5/18/2020 1:11,38.7,77.2,25,,,,,162000000000,0.46
5/12/2020 23:22,15.9,174.2,,,,,,83000000000,0.26
5/9/2020 9:37,7.2,44.2,52.5,,,,,41000000000,0.14
5/9/2020 2:56,44.8,131,31.2,14.5,-13,-4,-5,41000000000,0.14
4/28/2020 5:43,20.1,109.4,,,,,,21000000000,0.076
4/18/2020 13:08,12.5,49.8,,,,,,27000000000,0.095
4/14/2020 11:11,65.6,45.6,,,,,,20000000000,0.073
3/26/2020 23:27,38.3,23.5,26.5,20.7,-10,3.2,17.8,124000000000,0.37
3/23/2020 16:51,24.4,67.9,25,,,,,133000000000,0.39
3/22/2020 6:44,,,,,,,,25000000000,0.089
3/4/2020 20:25,53.3,90.8,24.3,19.8,-5.2,2.2,19,394000000000,1
2/28/2020 9:30,45.7,15.1,34.5,21.5,-18.2,-11.3,-2.1,115000000000,0.34
2/24/2020 22:21,3.6,96,,,,,,20000000000,0.073
2/10/2020 23:48,28.2,76.7,41.7,31.7,-27.8,-14.3,-5.2,27000000000,0.095
1/27/2020 5:39,30.4,1.5,32.5,19.8,-2,-16.6,-10.6,44000000000,0.15
1/24/2020 11:13,28,35.8,32,21.2,-18.6,-9,-4.7,26000000000,0.092
1/21/2020 20:07,33.1,34.3,43.3,27.4,-7.5,-23.5,-11.9,28000000000,0.098
1/17/2020 21:29,19.4,66,14.5,15.5,-13.2,8.1,1.2,97000000000,0.29
1/16/2020 9:31,71.7,116.4,27.8,12.9,9.8,-4.5,7,59000000000,0.19
1/15/2020 6:31,23.7,125.2,31.5,,,,,196000000000,0.55
1/6/2020 11:03,70.4,17.5,,,,,,45000000000,0.15
12/21/2019 14:30,56.5,147.6,35.5,22.2,14.9,-8.1,-14.3,65000000000,0.21
12/11/2019 1:19,47.7,161.7,37,17.8,13.7,-10.9,-3.3,39000000000,0.13
12/6/2019 10:19,3.3,37.7,19.5,,,,,46000000000,0.15
12/3/2019 6:46,5.6,52.2,61.5,,,,,42000000000,0.14
11/28/2019 20:30,35.7,31.7,35,13,-11.6,-2.5,-5.4,27000000000,0.095
11/28/2019 13:22,,,,,,,,26000000000,0.092
11/28/2019 11:55,22.1,25.7,22.5,24.7,-22.8,-5.5,7.6,25000000000,0.089
11/5/2019 11:24,10.4,143.3,38,27.4,5.2,12.3,23.9,110000000000,0.33
10/22/2019 22:21,12,76,40.7,,,,,27000000000,0.095
10/10/2019 16:16,44.3,122.9,47.3,14.1,1.5,-12.9,-5.4,206000000000,0.57
9/28/2019 10:40,12.5,107.2,52,20.4,-10.1,11.2,13.7,23000000000,0.082
9/27/2019 13:35,25.7,28.4,,,,,,34000000000,0.12
9/14/2019 12:39,38.6,33.5,38,15.9,-12.9,8.1,4.6,109000000000,0.33
9/13/2019 2:02,18.6,126.9,27.4,13.5,5.2,-8.1,9.5,42000000000,0.14
9/12/2019 12:49,54.5,9.2,42,18.5,-18.1,-0.4,3.7,169000000000,0.48
9/12/2019 2:34,24.9,47.8,30.6,17.2,-11.7,11.7,4.6,59000000000,0.19
8/24/2019 12:02,21.9,130.4,39.8,13.4,11.1,-5.2,5.4,40000000000,0.13
8/22/2019 21:47,24.4,92.9,30.2,,,,,20000000000,0.073
8/16/2019 20:36,38.9,7,36,14.9,-3.9,4,-13.8,25000000000,0.089
7/23/2019 20:42,44.6,147.6,30.6,16.1,1.5,15.1,-5.5,255000000000,0.69
6/30/2019 16:52,21.2,129.5,59,42.3,25.2,31.2,-13.3,32000000000,0.11
6/30/2019 8:11,2.5,168.7,,,,,,21000000000,0.076
6/22/2019 21:25,14.9,66.2,25,14.9,-13.4,6,2.5,2950000000000,6
6/20/2019 6:07,7.3,67.6,37,,,,,28000000000,0.098
5/26/2019 10:07,56.6,25.3,24.4,17.5,3.8,-5.8,16.1,42000000000,0.14
5/25/2019 6:44,19.2,89.4,29.2,15.8,0.2,-15.7,2.1,49000000000,0.16
5/22/2019 15:16,10.8,37.3,32.6,,,,,95000000000,0.29
5/21/2019 13:21,38.8,137.5,31.5,11.5,4.4,-8.5,6.4,656000000000,1.6
5/19/2019 14:47,23.6,132.8,33.3,15.2,7.3,-12.2,5.3,33000000000,0.11
5/12/2019 22:41,6.2,57.1,,,,,,21000000000,0.076
5/4/2019 15:35,28.4,88.3,26.5,,,,,22000000000,0.079
4/22/2019 21:42,48.8,67.8,33.3,11.4,3.4,-4.2,10,124000000000,0.37
4/14/2019 17:54,18.3,74.6,30.6,15.9,-2.5,5.9,-14.6,29000000000,0.1
4/6/2019 11:59,56.5,94.9,41.5,18.1,6.2,11.1,-12.9,70000000000,0.22
4/4/2019 22:19,35.3,93.9,,,,,,28000000000,0.098
3/27/2019 12:50,41.8,7.4,,,,,,22000000000,0.079
3/19/2019 2:06,24,140.3,28.7,16.2,10.2,0.4,12.6,20000000000,0.073
3/15/2019 12:26,63.7,95.7,31.5,14.4,5.4,-13.2,1.7,46000000000,0.15
2/18/2019 10:00,15.5,25.3,26,20.8,-16.6,-12.6,0.6,1960000000000,4.2
2/1/2019 18:17,22.5,83.8,23.7,16.3,-2.4,13.6,8.7,579000000000,1.4
1/29/2019 20:47,,,,,,,,25000000000,0.089
1/22/2019 9:18,18,6.5,42.5,11.6,-8.6,-5.9,5,36000000000,0.12
12/23/2018 23:38,47.5,174.4,31.8,16.5,9.9,7.6,10.8,89000000000,0.27
12/18/2018 23:48,56.9,172.4,26,13.6,6.3,-3,-31.2,31300000000000,49
11/20/2018 17:30,25.3,6.7,27.4,17.4,-10.1,13.9,3,422000000000,1.1
11/17/2018 21:48,47.3,172.9,32.5,19.1,7.6,17.3,-2.7,220000000000,0.61
11/15/2018 8:02,42,57,,,,,,20000000000,0.073
11/14/2018 4:03,37.6,83.5,37,,,,,38000000000,0.13
10/24/2018 21:19,6.7,148.6,33.3,,,,,47000000000,0.16
10/22/2018 7:11,,,,,,,,26000000000,0.092
10/5/2018 0:27,39.8,31.7,31.5,14.7,-13.2,-6.5,-0.4,38000000000,0.13
9/25/2018 14:10,23.5,56.8,33,16.5,-16.2,2.8,0.6,806000000000,1.9
9/25/2018 0:16,34.3,44.9,40.7,12.5,-11,2.5,-5.5,53000000000,0.17
9/20/2018 18:29,67.3,75.1,,11.1,-5.6,-7.9,5.5,83000000000,0.26
9/17/2018 1:08,6.8,27.8,,,,,,150000000000,0.43
9/13/2018 0:51,42.5,50.1,,,,,,42000000000,0.14
8/27/2018 4:36,1.7,141.4,33,16.1,9.8,-9.6,-8.4,24000000000,0.086
8/21/2018 12:26,39.2,162.9,37,,,,,22000000000,0.079
7/27/2018 9:35,58.8,105.8,32,,,,,105000000000,0.32
7/25/2018 21:55,76.9,69,43.3,24.4,20.4,12.9,-3.8,877000000000,2.1
7/17/2018 15:17,82.5,136.7,,,,,,211000000000,0.59
6/26/2018 17:51,32,12.1,63,14.1,-10,-1,-9.9,29000000000,0.1
6/21/2018 1:16,52.8,38.1,27.2,14.4,-8.9,-4.3,-10.5,1220000000000,2.8
6/2/2018 16:44,21.2,23.3,28.7,16.9,0.9,-16.4,3.9,375000000000,0.98
5/12/2018 3:26,6.5,173.7,34,,,,,193000000000,0.54
5/8/2018 2:27,32,60.7,,,,,,73000000000,0.23
5/3/2018 7:23,46.9,7.5,39,11.5,1.3,-2.1,-11.2,38000000000,0.13
4/30/2018 13:17,45.5,1.4,34,13.1,8.7,-9.5,2.5,30000000000,0.1
4/21/2018 12:06,59,45.8,28.2,14.6,7.1,-4.6,11.9,36000000000,0.12
4/19/2018 14:02,7.5,3.6,30,20.9,-9.1,-2.5,18.6,72000000000,0.23
4/19/2018 13:39,22.2,72.6,31.5,10.9,-5.9,-9.1,1.4,512000000000,1.3
4/7/2018 3:05,72.4,78.7,31.5,,,,,86000000000,0.27
2/21/2018 1:28,13.5,37.1,31.5,13.1,-0.9,13.1,-0.4,71000000000,0.22
2/15/2018 13:38,43.8,1.1,50.7,,,,,27000000000,0.095
2/12/2018 2:15,15.9,58.9,,,,,,39000000000,0.13
2/8/2018 22:21,42.9,179.7,43.5,,,,,259000000000,0.7
2/1/2018 12:21,19.4,104.3,37,16.5,8.1,-8.4,-11.7,190000000000,0.53
1/22/2018 22:06,14,17.4,,,,,,32000000000,0.11
1/15/2018 2:18,52,57.2,43.6,23.7,18.6,-12.1,8.4,199000000000,0.56
1/6/2018 21:24,55.8,52.5,26,21,0.8,2.2,-20.9,28000000000,0.098
1/6/2018 18:24,39.5,12.8,26,,,,,36000000000,0.12
12/31/2017 9:36,63.5,101.3,64.5,,,,,44000000000,0.15
12/29/2017 12:47,14.6,49.5,38,,,,,110000000000,0.33
12/28/2017 17:45,,,,,,,,114000000000,0.34
12/15/2017 13:14,60.2,170,20,31.4,27.8,-4.7,-13.9,3110000000000,6.4
11/19/2017 4:17,24.2,135,33.3,11.4,6.7,-3.4,8.6,28000000000,0.098
10/26/2017 22:05,21.3,177.6,42.5,,,,,558000000000,1.4
10/23/2017 15:31,28.8,44.6,35.4,16.7,-5.7,-10.7,-11.5,24000000000,0.086
10/15/2017 4:33,65.2,128.2,24.1,15.9,9.5,-8.3,9.7,33000000000,0.11
10/9/2017 12:51,18.3,64.1,,,,,,30000000000,0.1
10/4/2017 12:07,28.1,99.4,37,14.6,-8.5,-9,7.8,192000000000,0.54
9/5/2017 5:11,49.3,116.9,36,14.7,12.7,-6.1,-4.2,38000000000,0.13
7/31/2017 22:01,24.7,118.5,,,,,,58000000000,0.19
7/23/2017 6:12,6.6,69.7,38,17.2,-0.4,8.7,-14.8,35000000000,0.12
7/13/2017 9:30,23.1,60.7,35,13.7,-10,-6.5,-6.8,73000000000,0.23
6/30/2017 14:26,34.3,134.5,20,15.2,10.9,-9.7,4.2,94000000000,0.29
6/23/2017 20:21,57,143.7,35.1,24.3,17.7,13.1,-10.3,184000000000,0.52
6/20/2017 13:41,54.2,133,33.3,13.6,8.7,-5.7,8.8,636000000000,1.6
5/24/2017 7:03,9.1,101.8,46,18.4,-6.5,-16.5,-5,90000000000,0.28
5/22/2017 17:44,49.6,157.6,33,,,,,35000000000,0.12
5/14/2017 9:30,26,32.4,33,,,,,35000000000,0.12
4/30/2017 21:28,25.7,56.2,32.4,21.5,-13.4,-14.2,8.9,150000000000,0.43
3/11/2017 4:51,28.3,60.2,28,,,,,1260000000000,2.9
3/9/2017 4:16,40.5,18,23,36.5,-15.3,25.8,-20.8,400000000000,1
3/8/2017 22:21,26.1,174.9,37,,,,,72000000000,0.23
2/25/2017 1:22,29.5,13.5,25.4,12.2,-7.6,-9.3,2.2,65000000000,0.21
2/22/2017 18:47,50.7,66,,,,,,38000000000,0.13
2/18/2017 19:48,6.2,60.4,38,24.2,-6.6,-22.7,-5.3,295000000000,0.79
2/7/2017 17:37,27.4,14.8,54,,,,,20000000000,0.073
2/6/2017 6:09,10.4,131.6,33.5,,,,,66000000000,0.21
12/23/2016 3:29,21.3,49.3,42,29.7,-22.4,16.4,-10.5,38000000000,0.13
12/7/2016 4:51,34.5,126.6,,,,,,117000000000,0.35
11/29/2016 8:05,30.6,93.1,,,,,,31000000000,0.11
11/24/2016 14:10,15.2,80.3,30.6,17.4,9.1,-11.2,9.7,138000000000,0.4
11/3/2016 17:14,39.6,16.3,37,,,,,76000000000,0.24
10/1/2016 20:23,36.2,6.7,27.8,14.2,-10,3.9,-9.3,31000000000,0.11
9/22/2016 4:57,51.8,178.5,40,17.5,-2.5,-3.3,17,71000000000,0.22
9/14/2016 15:01,3.5,44.6,54,18.3,3.5,-16.2,7.7,76000000000,0.24
8/27/2016 21:45,56.9,162.2,42,,,,,142000000000,0.41
8/11/2016 5:59,43.7,53.8,34.3,14.9,-0.7,-11.4,9.6,184000000000,0.52
8/5/2016 18:02,46.4,171.6,32.4,,,,,121000000000,0.36
7/21/2016 0:48,7.8,1.6,37,,,,,45000000000,0.15
7/5/2016 1:24,1,48.6,38.2,25.1,-10.3,-2,-22.8,153000000000,0.44
6/27/2016 10:02,15.8,11.9,33.3,29.1,-29.1,1.5,0.7,458000000000,1.2
6/5/2016 6:12,17.4,138.3,28.7,14.5,6,-11.9,5.7,331000000000,0.87
6/2/2016 10:56,33.8,110.9,,,,,,172000000000,0.49
5/29/2016 12:14,10.2,48.8,32,,,,,69000000000,0.22
5/20/2016 11:59,32.8,15.1,30.6,20.8,5.4,-9.9,17.5,20000000000,0.073
5/16/2016 10:09,3.2,6.6,41.7,12.2,-6.7,-3.3,-9.6,519000000000,1.3
5/13/2016 0:34,26.2,122.3,33,,,,,101000000000,0.31
4/24/2016 5:39,9.8,42.8,50,,,,,146000000000,0.42
4/18/2016 11:59,20.7,14.5,31.5,17.1,-3.5,2.2,-16.6,224000000000,0.62
4/12/2016 9:51,38.3,162.2,,,,,,20000000000,0.073
4/10/2016 14:57,22,149,35.2,15.1,4.7,-12.9,-6.4,655000000000,1.6
3/16/2016 23:54,49.2,6.3,42,13.3,-7.6,9.1,6,32000000000,0.11
3/3/2016 1:32,48,51,31.8,11.7,4.8,-7.1,7.9,58000000000,0.19
2/23/2016 3:59,32.3,67.2,44,17.9,-8.5,-1.6,-15.7,35000000000,0.12
2/21/2016 5:58,36.5,37.2,32,,,,,369000000000,0.96
2/19/2016 8:15,0.7,11.6,39.4,15.5,-14.9,-0.5,4.1,202000000000,0.56
2/13/2016 0:10,3.1,117.9,,,,,,51000000000,0.17
2/6/2016 13:55,30.4,25.5,31,15.6,2.7,14.5,5,6850000000000,13
1/27/2016 9:59,45.8,53.6,37,11.5,-10,-4.4,3.6,50000000000,0.16
1/21/2016 16:44,10.8,0.7,42.5,18.1,-3.8,-17.7,-1.2,46000000000,0.15
12/30/2015 13:07,33.8,160.7,39,,,,,22000000000,0.079
12/21/2015 2:32,5.9,143,42.2,12.1,6.4,-10,2.5,83000000000,0.26
12/8/2015 0:34,69.9,150.5,38,,,,,197000000000,0.55
11/13/2015 14:59,16,124.3,28,,,,,102000000000,0.31
11/2/2015 21:34,41.4,33,37,,,,,78000000000,0.24
10/31/2015 11:34,9,138,71,,,,,97000000000,0.29
10/30/2015 7:07,85,161.7,,,,,,180000000000,0.51
10/13/2015 12:23,8,52.5,38.9,12.9,-6.6,3.8,10.4,23000000000,0.082
10/11/2015 0:07,55.4,18.8,,,,,,30000000000,0.1
10/10/2015 9:57,51,21.1,51.8,11.8,-1.3,-5.1,10.6,36000000000,0.12
10/4/2015 21:02,22,171.6,36.1,,,,,44000000000,0.15
9/17/2015 21:03,43.1,94.9,,,,,,98000000000,0.3
9/14/2015 23:50,5.8,15.2,,,,,,70000000000,0.22
9/8/2015 13:46,6.3,29.9,44.4,16.1,-11.5,-11.3,-0.9,20000000000,0.073
9/7/2015 1:41,14.5,98.9,29.3,21,16.8,-12,-3.8,1800000000000,3.9
9/2/2015 20:10,39.1,40.2,39.8,24.1,10.3,-12.2,-18,37000000000,0.13
8/4/2015 10:24,9.6,125.9,,,,,,29000000000,0.1
7/19/2015 7:06,20.6,87.6,22,17.8,9.4,13,7.8,23000000000,0.082
7/12/2015 22:23,31,159.6,41,,,,,22000000000,0.079
7/4/2015 1:40,38.6,103.1,46.3,49,0.9,-40.4,-27.7,56000000000,0.18
6/14/2015 3:03,6.3,124.1,32.4,31.9,-4.7,-17.8,-26,71000000000,0.22
6/12/2015 17:03,1.3,32.1,43.5,,,,,176000000000,0.5
6/10/2015 17:43,11.5,161.9,61.1,,,,,384000000000,1
6/2/2015 8:44,6.4,142.7,,,,,,380000000000,0.99
5/20/2015 10:20,1,172.6,32.4,,,,,36000000000,0.12
5/18/2015 17:13,32.4,139.1,29,,,,,43000000000,0.14
5/10/2015 7:45,46.3,179.3,29.6,12.2,11.2,0.9,4.7,143000000000,0.42
5/7/2015 20:34,21.5,29.3,37,17.3,-16.2,-5.8,1.4,52000000000,0.17
4/30/2015 10:21,48.7,139.1,26.7,12.9,12.2,-4.2,0.9,105000000000,0.32
4/21/2015 1:42,37.7,39.6,37.4,21.3,-15.3,12.8,7.4,88000000000,0.27
4/10/2015 1:14,42.8,8.2,,,,,,65000000000,0.21
4/8/2015 4:06,25.5,51.5,36.3,19.2,8,-15.6,-7.9,173000000000,0.49
4/3/2015 1:39,8.4,157.9,,,,,,42000000000,0.14
3/30/2015 21:33,36.1,5.5,33.1,13.8,-13.7,-1.7,0.8,64000000000,0.2
3/18/2015 0:04,5.4,159.3,50,,,,,121000000000,0.36
3/11/2015 6:18,8,119.1,35.2,19.9,5.5,-10.5,-16,72000000000,0.23
3/8/2015 4:26,39.1,118.6,,,,,,20000000000,0.073
3/4/2015 4:30,15.9,88.1,39.8,18,7.8,-16,-2.5,55000000000,0.18
2/26/2015 22:06,68,149,33.7,21.1,5.6,-2.3,-20.2,188000000000,0.53
2/25/2015 10:53,12.4,122.4,42,,,,,58000000000,0.19
2/17/2015 13:19,8,11.2,39,28.8,-28.2,3.4,4.6,33000000000,0.11
1/9/2015 17:31,23.3,49.2,,,,,,22000000000,0.079
1/9/2015 10:41,2,28.8,36,17.5,-10.7,-7.6,11.6,139000000000,0.41
1/7/2015 1:05,45.7,26.9,45.5,35.7,-35.4,1.8,-4.4,136000000000,0.4
1/2/2015 13:39,31.1,140,38.1,18.1,4.5,-14.4,-10,20000000000,0.073
12/13/2014 2:53,86.7,162.1,30.7,21.7,15.3,-13.3,-7.8,44000000000,0.15
12/12/2014 6:48,33.5,144.9,26.3,12,11.5,-2.8,-2.2,33000000000,0.11
12/9/2014 21:19,76.6,96.3,26.3,,,,,78000000000,0.24
11/28/2014 11:47,45.8,172.7,26.1,13.4,0.4,-1.4,13.3,700000000000,1.7
11/27/2014 12:12,18.8,73.4,38,,,,,55000000000,0.18
11/26/2014 23:16,69.5,179.7,23.3,25.3,21.3,2.2,13.4,118000000000,0.35
11/26/2014 17:40,68.2,24,37,19.9,-7,16.1,9.4,105000000000,0.32
11/4/2014 20:13,43.1,115.8,22.2,16,-7.2,-12.1,-7.7,156000000000,0.45
10/21/2014 18:55,22.2,132.9,,,,,,34000000000,0.12
10/17/2014 14:07,4.6,66.3,39,,,,,72000000000,0.23
10/14/2014 10:25,2,119.2,27.2,16.9,15,-6.9,-3.5,29000000000,0.1
10/6/2014 20:02,43.7,85.7,,,,,,39000000000,0.13
9/9/2014 18:55,3.2,137.2,32.5,,,,,28000000000,0.098
9/5/2014 21:37,22.7,150,,,,,,35000000000,0.12
8/29/2014 23:15,6.2,49.9,,,,,,26000000000,0.092
8/28/2014 3:07,3.2,45.4,,,,,,34000000000,0.12
8/23/2014 6:29,61.7,132.6,22.2,16.2,-2.3,5.7,16.5,3820000000000,7.6
7/29/2014 7:38,49.2,172.2,,,,,,73000000000,0.23
7/29/2014 3:07,33.9,115.9,,,,,,53000000000,0.17
6/28/2014 2:40,18.9,141.2,26.3,12.4,12,3.5,-10.5,245000000000,0.67
6/26/2014 5:54,71.5,93.4,28.5,11.2,7,2.9,8.3,61000000000,0.2
5/29/2014 1:12,21.9,131.1,28.7,,,,,58000000000,0.19
5/16/2014 20:06,39.4,95.9,30.8,18,2.9,13.4,-12.5,136000000000,0.4
5/16/2014 12:42,44.2,176.2,44,16.5,14.4,4.6,6.5,309000000000,0.82
5/8/2014 19:42,36.9,87.3,35.4,19,-2,-16.1,9.9,1050000000000,2.4
3/29/2014 13:45,28.7,121.5,30.7,16.3,10,-12.7,2.2,39000000000,0.13
3/18/2014 11:02,0,111.8,30.5,,,,,540000000000,1.3
3/3/2014 15:00,29,94.9,,,,,,94000000000,0.29
2/18/2014 12:50,32.8,61.5,,,,,,26000000000,0.092
2/13/2014 6:47,13.3,110.7,25,,,,,630000000000,1.5
1/15/2014 2:46,18.5,141.8,29.6,,,,,140000000000,0.41
1/12/2014 16:00,2.9,64.4,37,16.2,-5.2,-15.1,2.6,78000000000,0.24
1/8/2014 17:05,1.3,147.6,18.7,44.8,-3.4,-43.5,-10.3,31000000000,0.11
12/23/2013 8:30,39.5,2,34.3,15.1,-1.1,11.4,-9.9,147000000000,0.43
12/8/2013 3:10,32.8,165.1,23.5,11.8,2.3,2.5,-11.3,64000000000,0.2
11/21/2013 1:50,44.7,35.3,59.3,12.4,-5,-11,-2.7,75000000000,0.23
10/12/2013 16:06,19.1,25,22.2,12.8,-8,8.4,-5.5,1610000000000,3.5
10/9/2013 17:27,,,,,,,,60000000000,0.19
9/24/2013 15:31,10.3,164.7,40.7,,,,,160000000000,0.46
8/12/2013 18:08,34.4,118.2,66.6,,,,,44000000000,0.15
7/31/2013 7:00,,,,,,,,39000000000,0.13
7/31/2013 3:50,31.8,137.1,29.1,17.8,17.7,-2.3,-0.1,69000000000,0.22
7/30/2013 2:36,50.2,90.2,25.6,18.8,15.9,-8.6,5.1,390000000000,1
7/27/2013 8:30,0.3,156.2,26.5,22.1,16,14.9,-3.3,120000000000,0.36
7/26/2013 11:32,21,178.5,37,,,,,20000000000,0.073
7/18/2013 0:46,,,,,,,,22000000000,0.079
6/13/2013 2:51,,,,,,,,22000000000,0.079
6/1/2013 22:49,65.6,138.4,28.9,,,,,34000000000,0.12
5/14/2013 23:20,3,76.4,,,,,,20000000000,0.073
4/30/2013 8:40,35.5,30.7,21.2,12.1,1,9,-8,5110000000000,10
4/21/2013 6:23,28.1,64.6,40.7,14.9,5,14,1,1070000000000,2.5
3/12/2013 10:32,32.7,17.1,26,,,,,29000000000,0.1
2/20/2013 13:13,23,38.8,,13.6,-11,-8,-1,32000000000,0.1
2/15/2013 3:20,54.8,61.1,23.3,18.6,12.8,-13.3,-2.4,375000000000000,440
2/7/2013 13:12,18.8,158.6,,,,,,65000000000,0.21
1/25/2013 7:40,60.3,64.6,,,,,,3400000000000,6.9
1/12/2013 3:04,15.1,155.6,36.1,,,,,48000000000,0.16
12/30/2012 7:25,17.3,83.6,,,,,,198000000000,0.55
12/18/2012 11:19,,,,,,,,27000000000,0.095
11/20/2012 20:37,2.5,29.6,33.3,14.3,-12.2,-5.3,5.3,25000000000,0.089
11/20/2012 6:25,8,86,,,,,,120000000000,0.36
10/25/2012 15:57,,,,,,,,30000000000,0.1
10/19/2012 16:26,75.4,49.6,29.3,13.2,-2.3,-3.9,12.4,23000000000,0.082
10/9/2012 0:54,51.2,84.6,27.8,13.5,3.4,12,5.1,210000000000,0.58
10/3/2012 22:50,41.5,21.9,,17,-2.4,5.5,15.9,280000000000,0.75
10/2/2012 16:38,8.1,111.9,35,15.4,1.4,15.3,1,470000000000,1.2
9/28/2012 5:44,6.9,73.7,,,,,,38000000000,0.13
9/18/2012 19:34,1.2,52.2,28.1,18.3,-1.9,14.1,-11.5,244000000000,0.67
9/11/2012 22:07,18.9,105.2,,,,,,52000000000,0.17
9/10/2012 1:03,69.8,111.7,23.8,16.9,-10.2,-5.2,12.4,23000000000,0.082
8/27/2012 6:57,18.3,64.2,38.7,28.9,-8,-23.7,-14.5,68000000000,0.22
8/26/2012 14:55,11.8,117,36,12.7,5,-11.6,-0.7,249000000000,0.68
8/13/2012 5:31,,,,,,,,33000000000,0.11
7/27/2012 4:19,63.1,172.3,27.2,,,,,34000000000,0.12
7/25/2012 7:48,36.4,41.5,26.8,18.5,0.8,2,-18.4,133000000000,0.39
6/5/2012 7:44,,,,,,,,24000000000,0.086
5/25/2012 11:31,41.8,36.2,,,,,,60000000000,0.19
5/22/2012 8:31,,,,,,,,211000000000,0.59
5/15/2012 11:04,61.8,135.5,33.3,17.1,-0.8,1.1,17,132000000000,0.39
5/4/2012 21:54,76.7,10.6,,,,,,229000000000,0.63
4/23/2012 22:01,36.2,107.4,25.2,,,,,44000000000,0.15
4/21/2012 16:08,15.8,174.8,,,,,,143000000000,0.42
4/19/2012 22:12,5.5,16.8,,,,,,30000000000,0.1
4/2/2012 16:50,28.1,95.2,,,,,,32000000000,0.11
3/12/2012 6:40,2.5,139.8,25,11.8,0.1,-11.8,0.3,99000000000,0.3
3/3/2012 21:28,7.8,2.7,20.4,,,,,101000000000,0.31
3/1/2012 3:12,46.9,29.8,,,,,,22000000000,0.079
2/24/2012 19:11,22.7,30.8,,,,,,37000000000,0.13
2/17/2012 10:47,3.2,39.9,45.6,,,,,154000000000,0.44
2/16/2012 4:50,9.8,151.8,,,,,,98000000000,0.3
2/12/2012 5:25,31.7,54.9,61,,,,,140000000000,0.41
2/4/2012 14:42,32.4,0.1,34.2,12.2,-3.9,10.9,4,150000000000,0.43
1/15/2012 12:26,64.1,109.9,26.3,12.3,-1.9,5.1,11,21000000000,0.076
1/11/2012 2:23,32.2,88.5,,,,,,85000000000,0.26
12/19/2011 11:35,30.2,52.6,36.1,,,,,135000000000,0.4
12/14/2011 5:01,62.9,89.6,32.4,,,,,50000000000,0.16
12/11/2011 17:29,,,,,,,,29000000000,0.1
11/20/2011 5:25,27.9,116.3,,,,,,23000000000,0.082
10/12/2011 7:13,26.4,78.4,,,,,,36000000000,0.12
9/13/2011 23:36,19.9,13.8,21.3,16.7,-3.7,1.8,16.2,67000000000,0.21
8/31/2011 9:44,18.6,5.1,,,,,,27000000000,0.095
8/20/2011 20:01,27.2,2.8,,,,,,23000000000,0.082
8/18/2011 14:55,,,,,,,,23000000000,0.082
8/11/2011 2:56,,,,,,,,35000000000,0.12
8/4/2011 7:25,40.7,86.7,63,,,,,28000000000,0.098
7/27/2011 23:00,45.3,63.5,29.6,,,,,44000000000,0.15
7/7/2011 23:25,,,,,,,,33000000000,0.11
7/5/2011 15:42,29.1,139.7,40.7,,,,,65000000000,0.21
7/4/2011 9:18,51.7,175,,,,,,29000000000,0.1
6/16/2011 11:51,67.3,21.4,40.5,,,,,24000000000,0.086
5/25/2011 5:40,4.1,14,59,11.6,-3.4,-10.8,2.4,2280000000000,4.8
5/16/2011 13:39,1.2,92.8,,,,,,20000000000,0.073
4/27/2011 20:38,1.4,126.6,28.7,,,,,220000000000,0.61
4/27/2011 11:21,,,,,,,,24000000000,0.086
4/17/2011 11:21,,,,,,,,24000000000,0.086
4/11/2011 21:43,,,,,,,,38000000000,0.13
4/6/2011 8:30,71.1,43.5,22.2,12.7,3.3,11.8,-3.5,148000000000,0.43
3/24/2011 20:23,0.6,127.5,59,,,,,58000000000,0.19
3/23/2011 4:24,,,,,,,,31000000000,0.11
3/23/2011 4:16,16.8,85.6,,,,,,22000000000,0.079
3/1/2011 10:37,53.5,103.9,30.6,11.9,-6.7,-1.1,-9.8,37000000000,0.13
2/21/2011 5:07,26.3,43.7,44.4,18,10.3,-14.8,0.1,39000000000,0.13
2/12/2011 11:00,7.8,95.3,,,,,,20000000000,0.073
1/21/2011 15:11,18.9,44.6,61,,,,,72000000000,0.23
1/8/2011 19:38,33.3,125.8,48,,,,,29000000000,0.1
12/25/2010 23:24,38,158,26,18.1,18,-2,-4,20000000000000,33
12/14/2010 0:27,4.9,175.5,24,,,,,39000000000,0.13
12/9/2010 2:54,54.5,169.7,66,,,,,63000000000,0.2
12/1/2010 6:31,72.5,144.9,33.3,,,,,133000000000,0.39
11/21/2010 14:45,1.9,143.3,50,,,,,81000000000,0.25
11/19/2010 7:25,10.3,148.8,30,,,,,33000000000,0.11
11/10/2010 8:26,74.5,77.7,,,,,,68000000000,0.22
11/9/2010 13:05,56.3,16.7,37,,,,,86000000000,0.27
11/9/2010 6:56,14,160,26,,,,,20000000000,0.073
10/27/2010 11:27,14.1,67.7,35.2,,,,,145000000000,0.42
10/8/2010 9:58,,,,,,,,20000000000,0.073
9/24/2010 12:02,67.4,50.6,,,,,,50000000000,0.16
9/18/2010 5:04,7.4,36.7,,,,,,67000000000,0.21
9/8/2010 19:51,13.9,65.5,46.3,,,,,65000000000,0.21
9/5/2010 23:37,25.9,49,35.2,,,,,683000000000,1.7
9/3/2010 12:04,61,146.7,33.3,12.3,9.8,-3.5,6.5,1750000000000,3.8
8/17/2010 4:19,20.7,114.3,33.3,,,,,21000000000,0.076
8/12/2010 2:59,,,,,,,,28000000000,0.098
8/5/2010 19:31,21.5,46.6,,,,,,36000000000,0.12
7/15/2010 1:49,60.9,178.1,,,,,,24000000000,0.086
7/6/2010 23:54,34.1,174.5,26,15.7,12.1,10,0.2,7560000000000,14
6/26/2010 6:04,0.5,133.2,50,,,,,113000000000,0.34
6/21/2010 6:42,22.5,120.9,,,,,,163000000000,0.47
6/17/2010 4:24,26.1,100,42,,,,,119000000000,0.35
4/17/2010 2:21,13.1,173,,,,,,56000000000,0.18
4/16/2010 4:38,1.8,176.9,22.2,18.8,12.4,-13.2,-5.2,844000000000,2
4/6/2010 18:33,52.8,146.5,,,,,,80000000000,0.25
3/18/2010 16:11,32.4,51.8,,,,,,175000000000,0.5
3/15/2010 15:55,,,,,,,,80000000000,0.25
3/14/2010 18:44,33.8,90.2,35.6,,,,,42000000000,0.14
3/8/2010 22:44,18.2,110.1,53,,,,,30000000000,0.1
3/8/2010 22:02,32,92.9,52,24.5,19.1,11,10.7,323000000000,0.85
2/28/2010 22:24,48.7,21,37,15.1,-11.7,2.7,-9.1,153000000000,0.44
2/26/2010 22:46,37.3,166,,,,,,237000000000,0.65
2/24/2010 19:55,2.6,102.2,,,,,,93000000000,0.28
1/15/2010 19:17,8.3,27,25,14,-9.1,6,8.8,492000000000,1.2
12/31/2009 16:24,,,,,,,,83000000000,0.26
12/31/2009 12:50,37.9,178.3,20.7,,,,,102000000000,0.31
11/25/2009 1:36,52.8,136.5,,,,,,64000000000,0.2
11/21/2009 20:53,22,29.2,38,32.1,3,-17,27,10000000000000,18
11/18/2009 17:36,,,,,,,,85000000000,0.26
11/18/2009 7:07,40.4,113.2,31.5,,,,,736000000000,1.8
11/14/2009 19:58,,,,,,,,23000000000,0.082
11/7/2009 11:31,45.5,157.7,,,,,,22000000000,0.079
11/7/2009 10:41,24,64.1,37,,,,,42000000000,0.14
10/11/2009 12:49,78.3,70.2,27.8,,,,,71000000000,0.22
10/8/2009 2:57,4.2,120.6,19.1,19.2,14,-16,-6,20000000000000,33
9/27/2009 22:22,36,67.6,37,,,,,89000000000,0.27
9/18/2009 20:13,7.7,29.5,,,,,,144000000000,0.42
9/4/2009 2:23,42.5,110,28.3,24,19.2,-11.6,-8.5,965000000000,2.3
8/23/2009 21:17,67.7,18.3,34,12.2,-6.9,5.3,8.5,280000000000,0.75
7/31/2009 2:13,8.9,121.9,,,,,,25000000000,0.089
7/16/2009 6:39,24.4,59.8,32.2,,,,,727000000000,1.8
7/3/2009 4:02,,,,,,,,27000000000,0.095
6/27/2009 13:08,26.6,12.6,26.1,15.2,-11.6,1.6,9.7,32000000000,0.11
6/20/2009 11:04,,,,,,,,27000000000,0.095
6/18/2009 4:39,23.7,16,57.4,,,,,33000000000,0.11
6/9/2009 22:42,54.9,152.7,34.2,,,,,281000000000,0.76
5/31/2009 6:05,19.7,121,,,,,,143000000000,0.42
5/13/2009 20:20,,,,,,,,73000000000,0.23
5/4/2009 11:39,36.4,160.4,40.7,,,,,140000000000,0.41
4/20/2009 4:01,6,84.3,,,,,,22000000000,0.079
4/10/2009 18:42,44.7,25.7,32.4,19.1,-18.9,2.6,0.3,270000000000,0.73
3/15/2009 5:44,21.7,98.6,,,,,,32000000000,0.11
3/4/2009 0:38,,,,,,,,170000000000,0.48
3/1/2009 9:00,,,,,,,,20000000000,0.073
2/20/2009 12:15,64.9,70,,,,,,50000000000,0.16
2/7/2009 19:51,56.6,69.8,40,15.4,-2.4,-1.9,-15.1,1600000000000,3.5
1/12/2009 22:24,47.8,44.3,,,,,,48000000000,0.16
1/10/2009 7:42,64,122.8,26.5,,,,,23000000000,0.082
12/24/2008 15:51,68.9,102,21.1,24.1,-13.4,18,8.8,35000000000,0.12
12/12/2008 11:36,7,9.7,50,,,,,216000000000,0.6
12/9/2008 6:08,,,,,,,,34000000000,0.12
11/24/2008 22:01,57.9,146.1,34.8,23.7,21.5,10,0.4,146000000000,0.42
11/21/2008 0:26,53.1,109.9,28.2,12.9,3.9,-4.1,-11.6,142000000000,0.41
11/18/2008 9:41,29.4,75.9,35.2,22.4,-4,-15.2,-16,25000000000,0.089
11/9/2008 2:38,14.5,112.7,29.6,,,,,222000000000,0.61
10/21/2008 2:20,32.8,165.6,29.6,11.3,9.6,5.8,1.5,46000000000,0.15
10/10/2008 9:34,57.3,17,21.4,,,,,180000000000,0.51
10/7/2008 2:45,20.9,31.4,38.9,13.3,-9,9,3.8,395000000000,1
9/9/2008 9:49,,,,,,,,59000000000,0.19
8/16/2008 14:40,11.3,97.2,,,,,,131000000000,0.38
8/12/2008 11:44,11.6,175,,,,,,20000000000,0.073
8/7/2008 6:07,18.5,180,45.4,13.8,6.5,-12.1,1.7,41000000000,0.14
7/23/2008 14:45,38.6,68,31.5,14.5,-7.7,-8.2,-9.1,121000000000,0.36
7/22/2008 19:34,17.8,89.2,54.4,,,,,61000000000,0.2
7/11/2008 14:35,,,,,,,,52000000000,0.17
7/8/2008 15:55,72.8,147.3,52.2,21.7,-12.9,1.9,-17.4,66000000000,0.21
7/1/2008 17:40,37.1,115.7,36.1,9.8,2.8,1.7,-9.2,36000000000,0.12
6/27/2008 2:01,26.9,17.7,33.7,23.1,-17.9,13,6.6,172000000000,0.49
6/18/2008 13:45,6.1,103.1,,,,,,21000000000,0.076
5/29/2008 21:23,15.7,83.5,,,,,,21000000000,0.076
5/24/2008 10:18,0.8,162,37,14.2,7.9,3.1,11.4,150000000000,0.43
5/22/2008 20:50,46.9,134.5,,,,,,21000000000,0.076
5/15/2008 11:29,28,41.5,,,,,,80000000000,0.25
5/6/2008 1:08,,,,,,,,57000000000,0.18
4/30/2008 1:18,33.6,35.1,,,,,,20000000000,0.073
4/7/2008 1:22,31.8,58.5,,,,,,21000000000,0.076
4/6/2008 16:03,,,,,,,,77000000000,0.24
3/15/2008 11:29,28,41.5,26.7,12.9,-4.1,4.8,-11.2,50000000000,0.16
2/24/2008 19:33,,,,,,,,74000000000,0.23
2/19/2008 13:30,48.9,119.8,,,,,,20000000000,0.073
2/18/2008 8:51,,,,,,,,50000000000,0.16
2/17/2008 12:19,74.9,73.4,40.4,13.9,-5.8,-10.7,-6.7,110000000000,0.33
2/16/2008 8:38,,,,,,,,71000000000,0.22
1/18/2008 1:17,,,,,,,,44000000000,0.15
1/9/2008 3:53,66.8,67.3,31.5,11.6,4.3,5.7,9.1,41000000000,0.14
12/26/2007 6:46,61.6,158.9,,,,,,136000000000,0.4
12/20/2007 17:00,51.3,115.4,,,,,,122000000000,0.36
10/25/2007 19:35,40.9,91.3,46.3,,,,,58000000000,0.19
10/12/2007 9:14,88.5,116.6,37,18.4,-4.5,-14.1,-10.9,33000000000,0.11
10/7/2007 13:31,35.2,125.6,,,,,,58000000000,0.19
9/22/2007 17:57,49.2,85.5,30.2,16.9,-9.2,13.6,3.8,237000000000,0.65
6/11/2007 9:47,23.4,170.9,35.2,17,16.7,-2.1,-2.2,49000000000,0.16
6/8/2007 13:32,52,175.3,38.9,,,,,235000000000,0.65
6/7/2007 21:28,21.9,53.1,29.6,,,,,31000000000,0.11
5/16/2007 16:20,4.5,111.7,,,,,,38000000000,0.13
5/16/2007 4:45,42.4,164,31.5,,,,,400000000000,1
5/4/2007 17:52,22.9,109.4,48,,,,,175000000000,0.5
4/18/2007 12:44,83.7,171.2,38,24.4,-5.3,-2.5,23.7,112000000000,0.33
4/16/2007 14:56,,,,,,,,24000000000,0.086
3/17/2007 6:48,7.1,4.1,32.5,14.5,-7.3,-1.9,-12.4,40000000000,0.13
3/15/2007 2:20,44.1,148.4,,,,,,25000000000,0.089
3/7/2007 15:16,,,,,,,,27000000000,0.095
2/2/2007 12:48,24,37.2,35.5,,,,,340000000000,0.89
1/26/2007 22:22,3.7,99.7,,,,,,147000000000,0.43
1/22/2007 7:24,45.4,53.5,32,13.4,-3.3,-12.8,-1.9,76000000000,0.24
1/18/2007 13:51,5.3,164.3,34.1,,,,,32000000000,0.11
1/17/2007 9:50,8.7,50.8,33.3,,,,,548000000000,1.4
1/1/2007 11:43,44.4,116.5,53,,,,,36000000000,0.12
12/9/2006 6:31,26.2,26,26.5,15.9,4.9,-15,1.6,7410000000000,14
12/7/2006 11:42,14,140,,,,,,21000000000,0.076
12/1/2006 6:09,13,30.7,,,,,,63000000000,0.2
11/13/2006 15:16,44,43.3,,,,,,23000000000,0.082
10/24/2006 8:42,1.9,2.7,43,,,,,225000000000,0.62
10/14/2006 18:10,49.4,175,44.4,23.9,4.9,23.4,-1,258000000000,0.7
10/9/2006 4:45,47,78.9,22.2,,,,,41000000000,0.14
10/7/2006 12:18,23,61.8,40.7,,,,,41000000000,0.14
10/2/2006 19:10,14,53.1,42,,,,,90000000000,0.28
9/27/2006 8:33,32,60.2,48.1,,,,,107000000000,0.32
9/23/2006 18:52,29,108,,,,,,121000000000,0.36
9/2/2006 17:57,,,,,,,,22000000000,0.079
9/2/2006 4:26,14,109.1,44.1,14.2,10,-9.9,1.5,1230000000000,2.8
8/29/2006 1:38,44,162,40.7,,,,,92000000000,0.28
8/18/2006 0:03,43,33.4,47.2,,,,,32000000000,0.11
8/17/2006 10:43,11,165.7,48.2,,,,,256000000000,0.7
8/15/2006 10:52,4.9,49.6,32.7,,,,,47000000000,0.16
8/9/2006 4:30,23.1,53.7,37,,,,,1020000000000,2.4
7/15/2006 23:55,78.3,5,29.6,12.4,0.1,2,12.2,85000000000,0.26
7/15/2006 15:22,31.1,45.6,38.9,30.2,9.2,-1.2,-28.7,163000000000,0.47
6/7/2006 0:06,69.2,22.5,40.7,19.6,6.1,4.6,-18,59000000000,0.19
5/28/2006 1:32,,,,,,,,26000000000,0.092
5/21/2006 7:51,11.6,25.5,,,,,,263000000000,0.71
5/7/2006 17:45,,,,,,,,30000000000,0.1
5/6/2006 15:39,60.2,152.3,35.2,,,,,128000000000,0.38
4/25/2006 18:46,,,,,,,,20000000000,0.073
4/8/2006 13:16,17.3,113.2,33.3,,,,,127000000000,0.37
4/4/2006 11:30,26.6,26.6,25,,,,,2400000000000,5
3/14/2006 3:21,7,64.6,35.2,,,,,144000000000,0.42
2/26/2006 7:30,,,,,,,,70000000000,0.22
2/6/2006 1:57,54.5,18.1,35.2,,,,,1190000000000,2.7
2/4/2006 8:38,36.9,143.6,38.9,19.8,-8.8,3.4,-17.4,100000000000,0.3
1/28/2006 3:33,51.7,56.4,37,18.7,8.4,-16.4,3.2,740000000000,1.8
1/27/2006 1:27,58.7,74.7,20,,,,,45000000000,0.15
1/26/2006 0:00,79.8,111,37,,,,,53000000000,0.17
1/10/2006 23:25,29.8,12.7,32.4,16.9,-9.9,-6.3,-12.2,28000000000,0.098
1/8/2006 5:20,7.6,28.2,,,,,,94000000000,0.29
12/29/2005 10:05,3,154.9,42.2,20.7,18.6,8.5,3.2,190000000000,0.53
12/24/2005 15:30,54,17.3,66,,,,,181000000000,0.51
12/3/2005 12:45,33.8,117.4,32.2,17,-12.1,-9.6,7.2,88000000000,0.27
12/1/2005 10:40,6.4,155.8,,,,,,32000000000,0.11
11/29/2005 7:33,7.6,58.2,59.3,,,,,32000000000,0.11
11/15/2005 5:19,26.3,113.4,32.4,,,,,25000000000,0.089
11/11/2005 20:34,21.4,134.1,29.6,,,,,42000000000,0.14
11/9/2005 7:33,31,145.9,30.7,13.8,13.5,-2.7,-0.7,73000000000,0.23
11/2/2005 7:04,33.9,154.9,68.5,,,,,32000000000,0.11
11/2/2005 5:16,22.9,123.8,74,,,,,67000000000,0.21
10/26/2005 21:30,36.3,80.5,16.7,,,,,138000000000,0.4
9/30/2005 19:04,2.8,84.1,53,,,,,22000000000,0.079
9/14/2005 1:08,11.6,27.3,33.3,,,,,25000000000,0.089
9/2/2005 7:59,13.5,73.1,,,,,,82000000000,0.25
8/20/2005 12:10,,,,,,,,27000000000,0.095
8/9/2005 14:35,21.5,56.2,37,16.9,-16.3,4.3,1.4,25000000000,0.089
7/1/2005 22:36,49.8,33.1,50,,,,,31000000000,0.11
6/18/2005 19:40,47.9,85.6,,,,,,23000000000,0.082
6/5/2005 1:56,34.8,90.9,,,,,,41000000000,0.14
6/3/2005 8:15,31,90.3,29.6,26.2,-1.5,25.3,6.7,82000000000,0.25
5/27/2005 14:12,48.9,145.1,50.5,,,,,20000000000,0.073
5/14/2005 13:02,,,,,,,,129000000000,0.38
5/7/2005 9:31,75.8,163.7,15.2,16.6,9.6,-9.7,9.4,26000000000,0.092
5/2/2005 20:10,17.7,36,,,,,,46000000000,0.15
4/22/2005 11:18,20.9,36.7,37,,,,,22000000000,0.079
4/19/2005 7:37,50.2,146.4,38.5,16.8,9.3,13.8,2.5,232000000000,0.64
4/16/2005 10:40,,,,,,,,20000000000,0.073
4/15/2005 6:54,43.8,73.9,39,,,,,21000000000,0.076
4/14/2005 14:05,4.9,176,26.5,,,,,71000000000,0.22
4/11/2005 5:20,34.2,95.7,37,,,,,106000000000,0.32
4/6/2005 1:30,42.7,154.6,70,,,,,29000000000,0.1
4/5/2005 17:48,,,,,,,,35000000000,0.12
4/3/2005 1:45,1,112.4,59.2,,,,,219000000000,0.61
4/2/2005 22:52,14.1,169.7,27.2,,,,,204000000000,0.57
3/31/2005 22:15,42.8,36.2,,,,,,38000000000,0.13
3/18/2005 16:48,9.7,34.7,33,,,,,27000000000,0.095
3/12/2005 22:16,,,,,,,,22000000000,0.079
3/9/2005 15:47,21.4,157.9,44.4,,,,,53000000000,0.17
3/9/2005 12:49,14.3,142.7,30.7,,,,,40000000000,0.13
3/6/2005 17:32,,,,,,,,55000000000,0.18
2/22/2005 22:51,,,,,,,,41000000000,0.14
2/17/2005 22:52,48,161.5,42.5,,,,,100000000000,0.3
1/19/2005 1:43,27.5,164.9,40.7,,,,,141000000000,0.41
1/2/2005 23:09,21.3,154.7,35.2,21.5,20.2,-3.3,6.6,119000000000,0.35
1/1/2005 3:44,32.7,12.4,31.8,,,,,454000000000,1.2
12/29/2004 7:11,8.5,171.8,,,,,,90000000000,0.28
12/13/2004 11:35,9.7,155.3,,,,,,39000000000,0.13
12/11/2004 15:36,36,104.1,,,,,,30000000000,0.1
11/30/2004 8:32,61,171,,,,,,181000000000,0.51
11/17/2004 3:13,,,,,,,,186000000000,0.52
10/14/2004 11:41,,,,,,,,93000000000,0.28
10/10/2004 11:05,,,,,,,,30000000000,0.1
10/7/2004 13:14,27.3,71.5,35,19.2,-15.3,1,11.6,10400000000000,18
10/4/2004 4:39,3.7,150.9,,,,,,71000000000,0.22
9/28/2004 8:57,0.2,101.1,,,,,,62000000000,0.2
9/3/2004 12:07,67.7,18.2,31.5,,,,,7260000000000,13
8/22/2004 10:01,51.9,22.7,37,,,,,1440000000000,3.2
7/29/2004 12:41,,,,,,,,25000000000,0.089
7/25/2004 5:29,,,,,,,,197000000000,0.55
7/22/2004 3:34,,,,,,,,35000000000,0.12
7/16/2004 0:11,,,,,,,,29000000000,0.1
7/4/2004 16:58,,,,,,,,79000000000,0.25
7/3/2004 20:47,,,,,,,,65000000000,0.21
6/12/2004 7:13,21.7,175.3,,,,,,104000000000,0.31
6/11/2004 15:41,,,,,,,,104000000000,0.31
6/5/2004 20:34,1.3,174.4,43,19.5,9.4,17,-1.5,1810000000000,3.9
6/4/2004 13:41,,,,,,,,339000000000,0.89
6/3/2004 21:59,,,,,,,,47000000000,0.16
6/3/2004 9:40,48.9,120.4,,,,,,54000000000,0.18
5/18/2004 11:12,28.1,47.4,,,,,,394000000000,1
5/17/2004 2:08,18.9,28.3,44,,,,,55000000000,0.18
5/6/2004 2:22,,,,,,,,49000000000,0.16
4/23/2004 0:33,,,,,,,,56000000000,0.18
4/22/2004 21:19,15.2,55.1,,,,,,139000000000,0.41
4/22/2004 4:21,44.3,83.3,29.6,16.3,8.5,-12.1,-6.8,624000000000,1.5
4/6/2004 3:24,12,162.8,35,25.6,10.5,-23.2,-2.9,433000000000,1.1
3/26/2004 16:35,7.6,155.1,46,,,,,24000000000,0.086
3/25/2004 9:39,4.8,21,,,,,,21000000000,0.076
2/27/2004 1:18,,,,,,,,60000000000,0.19
2/2/2004 18:52,18.3,52.3,,,,,,30000000000,0.1
1/22/2004 1:06,50.6,157.8,37,,,,,232000000000,0.64
1/17/2004 20:11,,,,,,,,28000000000,0.098
1/16/2004 11:17,,,,,,,,98000000000,0.3
1/2/2004 4:27,28.2,3.2,63,,,,,134000000000,0.39
12/9/2003 22:36,67.1,90.8,,,,,,643000000000,1.6
11/26/2003 2:00,22.9,22.7,32,,,,,35000000000,0.12
11/10/2003 13:54,64.5,136.2,23,20.1,14.8,-8.7,10.4,518000000000,1.3
11/1/2003 14:09,51.4,151.7,,,,,,73000000000,0.23
10/16/2003 0:47,,,,,,,,285000000000,0.77
10/13/2003 14:06,,,,,,,,30000000000,0.1
10/7/2003 0:23,,,,,,,,37000000000,0.13
9/27/2003 12:59,21,86.6,26,18.2,-1,-5.4,-17.3,2150000000000,4.6
9/22/2003 3:45,,,,,,,,33000000000,0.11
9/21/2003 7:40,,,,,,,,20000000000,0.073
9/20/2003 19:04,,,,,,,,30000000000,0.1
9/2/2003 20:00,51.3,161,,,,,,385000000000,1
8/26/2003 22:08,,,,,,,,72000000000,0.23
8/26/2003 8:44,,,,,,,,249000000000,0.68
8/17/2003 13:16,39,34,,,,,,647000000000,1.6
8/1/2003 4:09,,,,,,,,21000000000,0.076
7/21/2003 5:11,,,,,,,,58000000000,0.19
6/22/2003 22:53,,,,,,,,21000000000,0.076
6/21/2003 14:49,,,,,,,,38000000000,0.13
6/16/2003 17:17,,,,,,,,65000000000,0.21
6/10/2003 14:11,41.8,122.9,,,,,,32000000000,0.11
5/27/2003 23:32,5.2,166.2,,,,,,68000000000,0.22
5/19/2003 3:38,,,,,,,,521000000000,1.3
5/18/2003 7:51,,,,,,,,21000000000,0.076
5/15/2003 6:28,54,80.4,,,,,,43000000000,0.14
4/28/2003 13:06,,,,,,,,23000000000,0.082
4/13/2003 17:58,14.8,64.5,17,,,,,175000000000,0.5
4/7/2003 9:25,18.4,162.6,,,,,,22000000000,0.079
4/1/2003 4:40,,,,,,,,31000000000,0.11
3/27/2003 5:50,41.4,87.7,45,,,,,142000000000,0.41
2/25/2003 23:13,40,116,,,,,,33000000000,0.11
2/12/2003 23:45,,,,,,,,79000000000,0.25
2/12/2003 2:37,31.5,107.5,,,,,,120000000000,0.36
2/6/2003 17:00,62.9,113.9,,,,,,197000000000,0.55
2/5/2003 6:16,,,,,,,,103000000000,0.31
2/4/2003 14:07,59.9,41,,,,,,135000000000,0.4
1/30/2003 6:02,,,,,,,,107000000000,0.32
11/28/2002 15:41,,,,,,,,46000000000,0.15
11/21/2002 0:11,1.4,154,,,,,,240000000000,0.66
11/12/2002 21:49,21.1,6.8,,,,,,43000000000,0.14
11/10/2002 22:13,16,166,,,,,,460000000000,1.2
10/9/2002 12:00,4.3,175.9,,,,,,49000000000,0.16
10/4/2002 10:08,,,,,,,,117000000000,0.35
9/24/2002 16:48,57.9,112.9,,,,,,860000000000,2
8/14/2002 7:48,6.9,126.2,,,,,,90000000000,0.28
8/11/2002 20:42,18.2,159.4,,,,,,1510000000000,3.3
8/10/2002 18:01,,,,,,,,25000000000,0.089
7/25/2002 15:57,28.7,47,,,,,,230000000000,0.63
7/22/2002 11:16,34,106.1,,,,,,53000000000,0.17
6/29/2002 16:31,,,,,,,,159000000000,0.46
6/15/2002 11:51,,,,,,,,29000000000,0.1
6/13/2002 15:29,24.9,111.4,,,,,,191000000000,0.54
6/2/2002 4:28,34,21,,,,,,4500000000000,8.8
4/3/2002 19:10,5.3,27.1,,,,,,182000000000,0.51
4/2/2002 2:36,,,,,,,,32000000000,0.11
3/28/2002 21:29,,,,,,,,27000000000,0.095
3/19/2002 5:56,,,,,,,,83000000000,0.26
3/19/2002 2:56,,,,,,,,53000000000,0.17
3/18/2002 14:44,60.4,120.5,,,,,,20000000000,0.073
3/9/2002 1:20,6.9,147.3,,,,,,249000000000,0.68
3/3/2002 21:10,37.5,154,,,,,,82000000000,0.25
3/1/2002 3:53,29.2,66.8,,,,,,38000000000,0.13
2/9/2002 19:50,17.7,138.7,,,,,,70000000000,0.22
2/1/2002 19:07,60.7,116.6,,,,,,70000000000,0.22
1/20/2002 16:42,48.4,165,,,,,,104000000000,0.31
1/3/2002 12:19,,,,,,,,123000000000,0.36
12/14/2001 17:58,,,,,,,,151000000000,0.44
12/12/2001 16:56,,,,,,,,98000000000,0.3
11/26/2001 6:51,,,,,,,,192000000000,0.54
11/13/2001 10:58,,,,,,,,312000000000,0.83
11/11/2001 12:14,,,,,,,,130000000000,0.38
10/27/2001 19:20,52.7,3.8,,,,,,36000000000,0.12
10/14/2001 12:03,,,,,,,,89000000000,0.27
10/12/2001 3:11,,,,,,,,62000000000,0.2
10/6/2001 6:29,,,,,,,,158000000000,0.45
9/25/2001 11:54,,,,,,,,42000000000,0.14
8/26/2001 16:08,,,,,,,,38000000000,0.13
8/18/2001 13:57,,,,,,,,40000000000,0.13
7/26/2001 21:20,0.4,84.8,,,,,,326000000000,0.86
7/23/2001 22:19,41,77,,,,,,1240000000000,2.8
5/6/2001 4:30,,,,,,,,50000000000,0.16
4/27/2001 9:46,,,,,,,,130000000000,0.38
4/23/2001 6:12,28,133.6,29,,,,,4600000000000,9
4/14/2001 6:40,,,,,,,,24000000000,0.086
4/13/2001 0:29,15.3,162.4,,,,,,251000000000,0.68
2/9/2001 21:27,,,,,,,,108000000000,0.32
2/4/2001 5:53,64,97.3,,,,,,151000000000,0.44
1/28/2001 16:19,66,31.3,,,,,,108000000000,0.32
12/15/2000 13:22,41.3,95.2,,,,,,262000000000,0.71
12/15/2000 3:46,50.4,58.9,,,,,,27000000000,0.095
11/28/2000 12:20,,,,,,,,119000000000,0.35
11/13/2000 0:28,13.6,5.8,,,,,,66000000000,0.21
11/6/2000 7:18,52,22.2,,,,,,69000000000,0.22
10/11/2000 23:29,31.7,5.5,,,,,,81000000000,0.25
9/24/2000 6:57,,,,,,,,27000000000,0.095
9/23/2000 4:00,58.5,142.6,,,,,,22000000000,0.079
9/19/2000 22:12,3.2,133.8,,,,,,89000000000,0.27
8/25/2000 1:12,14.5,106.1,,,,,,1390000000000,3.1
8/13/2000 3:00,36.7,127.8,,,,,,65000000000,0.21
8/1/2000 16:48,50.2,101.9,,,,,,182000000000,0.51
7/31/2000 7:06,15.7,138.5,,,,,,38000000000,0.13
7/19/2000 17:40,17.7,94.1,,,,,,107000000000,0.32
7/15/2000 16:13,46.6,163.3,,,,,,21000000000,0.076
7/9/2000 1:08,,,,,,,,121000000000,0.36
7/7/2000 1:34,15,140.7,,,,,,65000000000,0.21
6/27/2000 10:06,34.9,36.8,,,,,,27000000000,0.095
6/23/2000 9:03,69.2,44,,,,,,20000000000,0.073
6/22/2000 20:02,32.9,159,,,,,,30000000000,0.1
6/18/2000 13:40,,,,,,,,133000000000,0.39
6/14/2000 16:39,28.1,107.3,48,,,,,145000000000,0.42
6/4/2000 3:17,,,,,,,,190000000000,0.53
6/3/2000 3:24,36.8,74.8,,,,,,30000000000,0.1
6/2/2000 18:44,27.5,18.9,,,,,,30000000000,0.1
5/29/2000 16:46,,,,,,,,60000000000,0.19
5/6/2000 11:51,49.9,18.4,,,,,,28000000000,0.098
5/3/2000 10:40,5,73,,,,,,59000000000,0.19
4/21/2000 13:42,,,,,,,,86000000000,0.27
4/4/2000 13:38,,,,,,,,23000000000,0.082
3/28/2000 15:27,1,98.3,,,,,,63000000000,0.2
3/19/2000 5:11,,,,,,,,49000000000,0.16
3/6/2000 8:29,58,175,,,,,,960000000000,2.2
2/18/2000 9:25,0.9,109.2,,,,,,3620000000000,7.3
2/17/2000 14:22,14.2,115.9,,,,,,22000000000,0.079
1/18/2000 16:43,60.3,134.6,,,,,,1050000000000,2.4
1/18/2000 8:33,24.3,94.9,,,,,,35000000000,0.12
12/16/1999 0:07,26.5,11.3,,,,,,67000000000,0.21
12/11/1999 17:31,,,,,,,,273000000000,0.74
12/10/1999 18:56,,,,,,,,28000000000,0.098
12/3/1999 17:24,,,,,,,,42000000000,0.14
12/1/1999 19:38,,,,,,,,23000000000,0.082
11/30/1999 2:18,,,,,,,,45000000000,0.15
11/15/1999 20:01,8.1,75.4,,,,,,74000000000,0.23
11/7/1999 17:53,2.3,77.4,,,,,,89000000000,0.27
10/26/1999 17:19,13.7,70.8,,,,,,86000000000,0.27
9/8/1999 23:55,22.4,0.2,,,,,,28000000000,0.098
9/8/1999 14:41,32.5,104.6,32,,,,,90000000000,0.28
8/16/1999 5:18,35,107.2,,,,,,36000000000,0.12
8/6/1999 3:22,,,,,,,,68000000000,0.22
8/3/1999 18:25,64.7,18.8,,,,,,356000000000,0.93
7/10/1999 8:11,37.8,39.6,52,,,,,326000000000,0.86
7/7/1999 4:14,39.5,174.4,,,,,,140000000000,0.41
6/25/1999 6:27,50,121,69,,,,,124000000000,0.37
5/23/1999 7:02,16.4,116.3,,,,,,26000000000,0.092
4/26/1999 11:33,22.5,6.5,,,,,,92000000000,0.28
4/26/1999 9:49,32.8,159.1,,,,,,33000000000,0.11
3/31/1999 23:54,17.9,22.6,,,,,,234000000000,0.64
3/28/1999 15:37,0.8,97.6,,,,,,304000000000,0.81
3/2/1999 22:23,18.9,50.5,,,,,,59000000000,0.19
2/18/1999 23:15,54.9,64.6,,,,,,154000000000,0.44
2/1/1999 14:24,80,154.2,,,,,,28000000000,0.098
1/19/1999 2:32,7.9,85.8,,,,,,24000000000,0.086
1/14/1999 8:06,44,129.7,32,,,,,5060000000000,9.8
1/12/1999 19:24,,,,,,,,43000000000,0.14
1/11/1999 5:18,,,,,,,,24000000000,0.086
1/2/1999 18:25,47,103,65,,,,,35000000000,0.12
12/22/1998 9:24,,,,,,,,27000000000,0.095
11/23/1998 20:20,82.3,160.1,,,,,,25000000000,0.089
11/11/1998 16:46,6.5,156.4,,,,,,656000000000,1.6
10/3/1998 12:58,,,,,,,,32000000000,0.11
9/4/1998 9:16,,,,,,,,128000000000,0.38
9/1/1998 11:15,34.6,23.6,,,,,,24000000000,0.086
8/30/1998 0:20,,,,,,,,41000000000,0.14
8/8/1998 12:55,,,,,,,,23000000000,0.082
7/28/1998 14:16,,,,,,,,63000000000,0.2
3/24/1998 9:08,,,,,,,,27000000000,0.095
3/22/1998 22:25,1.4,26.6,,,,,,140000000000,0.41
1/8/1998 16:10,,,,,,,,62000000000,0.2
1/4/1998 23:00,35.1,33.4,30,17.1,6,-10.6,12,74000000000,0.23
12/28/1997 3:58,23.1,152.4,,,,,,31000000000,0.11
12/9/1997 8:15,62.7,49.9,,,,,,270000000000,0.73
11/7/1997 7:46,57.3,167.2,,,,,,800000000000,1.9
10/9/1997 18:47,31.8,106,37,,,,,190000000000,0.53
10/1/1997 14:26,46.7,108.9,,,,,,62000000000,0.2
9/30/1997 12:31,38.1,63.9,,,,,,23000000000,0.082
9/5/1997 11:41,31.1,56.4,,,,,,190000000000,0.53
8/20/1997 17:16,,,,,,,,26000000000,0.092
8/15/1997 1:05,,,,,,,,22000000000,0.079
7/30/1997 3:01,,,,,,,,50000000000,0.16
7/4/1997 12:22,15.8,175.8,,,,,,27000000000,0.095
5/22/1997 8:30,,,,,,,,45000000000,0.15
4/27/1997 22:34,16.7,87.5,,,,,,325000000000,0.86
2/19/1997 4:31,16.3,87.7,,,,,,140000000000,0.41
2/15/1997 15:23,35.5,115.6,,,,,,150000000000,0.43
2/6/1997 18:28,,,,,,,,26000000000,0.092
1/28/1997 17:49,,,,,,,,24000000000,0.086
1/23/1997 10:03,15,94.2,,,,,,270000000000,0.73
1/22/1997 21:13,32.2,29,,,,,,480000000000,1.2
1/4/1997 6:46,25.7,5.3,,,,,,43000000000,0.14
1/3/1997 15:08,,,,,,,,350000000000,0.92
12/17/1996 4:16,34.1,37.2,,,,,,41000000000,0.14
12/10/1996 6:09,,,,,,,,250000000000,0.68
12/4/1996 17:00,,,,,,,,49000000000,0.16
12/1/1996 13:19,,,,,,,,62000000000,0.2
11/22/1996 10:06,,,,,,,,68000000000,0.22
11/8/1996 16:02,,,,,,,,61000000000,0.2
10/30/1996 12:48,2.1,123.1,,,,,,21000000000,0.076
10/28/1996 4:46,27.4,79.4,,,,,,43000000000,0.14
10/23/1996 8:28,47.3,20.6,,,,,,44000000000,0.15
10/19/1996 19:01,29.7,34.7,,,,,,130000000000,0.38
10/7/1996 17:43,,,,,,,,45000000000,0.15
10/5/1996 19:21,49.6,145.9,,,,,,250000000000,0.68
8/17/1996 15:46,,,,,,,,34000000000,0.12
8/15/1996 16:07,,,,,,,,84000000000,0.26
8/9/1996 18:14,,,,,,,,30000000000,0.1
8/7/1996 3:16,,,,,,,,150000000000,0.43
8/6/1996 4:50,,,,,,,,130000000000,0.38
8/5/1996 19:27,,,,,,,,220000000000,0.61
8/5/1996 15:19,,,,,,,,80000000000,0.25
7/17/1996 3:16,31.8,111.4,,,,,,50000000000,0.16
7/12/1996 14:04,20.7,93.6,,,,,,32000000000,0.11
6/25/1996 11:22,,,,,,,,21000000000,0.076
5/8/1996 1:02,,,,,,,,28000000000,0.098
5/1/1996 13:19,,,,,,,,35000000000,0.12
3/31/1996 0:53,,,,,,,,27000000000,0.095
3/30/1996 4:03,31.1,84.3,,,,,,120000000000,0.36
3/29/1996 20:30,21.5,158.1,,,,,,128000000000,0.38
3/25/1996 17:00,,,,,,,,44000000000,0.15
3/13/1996 8:31,,,,,,,,230000000000,0.63
2/16/1996 7:03,,,,,,,,55000000000,0.18
2/15/1996 2:38,76,127,,,,,,50000000000,0.16
1/18/1996 17:10,,,,,,,,120000000000,0.36
1/15/1996 13:44,59.8,175.8,,,,,,260000000000,0.71
12/27/1995 12:55,,,,,,,,22000000000,0.079
12/22/1995 13:26,70.2,73.3,,,,,,450000000000,1.1
12/9/1995 19:54,2.9,79,,,,,,120000000000,0.36
11/25/1995 5:29,,,,,,,,29000000000,0.1
11/13/1995 3:10,,,,,,,,21000000000,0.076
10/1/1995 2:42,,,,,,,,35000000000,0.12
9/9/1995 7:38,,,,,,,,500000000000,1.3
8/24/1995 21:54,,,,,,,,120000000000,0.36
8/17/1995 16:39,,,,,,,,160000000000,0.46
8/6/1995 4:38,,,,,,,,55000000000,0.18
8/5/1995 17:14,11.6,104.3,,,,,,200000000000,0.56
7/11/1995 18:38,28.5,93.3,,,,,,130000000000,0.38
7/9/1995 18:20,0.9,66.3,,,,,,25000000000,0.089
7/7/1995 17:33,40.2,76.1,,,,,,140000000000,0.41
6/9/1995 9:28,,,,,,,,25000000000,0.089
4/2/1995 12:32,,,,,,,,25000000000,0.089
2/16/1995 13:05,16.7,141.7,,,,,,60000000000,0.19
1/18/1995 10:17,51.5,115.4,,,,,,70000000000,0.22
1/10/1995 21:08,,,,,,,,25000000000,0.089
1/4/1995 4:16,46.4,12.1,,,,,,41000000000,0.14
1/2/1995 20:41,,,,,,,,30000000000,0.1
12/18/1994 12:45,,,,,,,,50000000000,0.16
12/16/1994 9:41,42.2,27.6,,,,,,50000000000,0.16
11/3/1994 20:01,6.5,89,,,,,,2350000000000,5
11/1/1994 6:50,1.5,84.5,,,,,,1000000000000,2.3
10/27/1994 4:21,,,,,,,,320000000000,0.85
10/20/1994 0:11,45.2,1.9,,,,,,87000000000,0.27
10/8/1994 3:24,,,,,,,,66000000000,0.21
9/22/1994 4:22,,,,,,,,67000000000,0.21
8/15/1994 23:16,,,,,,,,164000000000,0.47
6/15/1994 0:02,45,73.5,,,,,,41000000000,0.14
6/3/1994 20:48,,,,,,,,509000000000,1.3
5/29/1994 9:30,52.8,2.3,,,,,,384000000000,1
2/1/1994 22:38,2.7,164.1,,,,,,18200000000000,30
11/29/1993 17:48,26.5,78.3,,,,,,26000000000,0.092
10/31/1993 3:39,51.3,100.9,,,,,,40000000000,0.13
10/4/1991 9:22,78.7,6.3,,,,,,550000000000,1.4
10/1/1990 3:51,7.5,142.8,,,,,,2500000000000,5.2
4/15/1988 3:03,4.1,124.3,,,,,,7580000000000,14
