,Peak Brightness Date/Time (UT),Latitude (deg.),Longitud (dg.),Altitude (km),Velocity (km/s),vx,vy,vz,Total Radiated Energy (J),Calculated Total Impact Energy (kt),Sighting Year,Sighting Month
2,2023-01-17 06:56:00,33.1,173.7,38.0,14.2,7.8,-5.6,-10.5,29000000000,0.1,2023,January
3,2023-01-11 23:59:00,31.5,18.6,33.5,17.5,-16.1,4.5,-5.2,46000000000,0.15,2023,January
4,2023-01-09 01:17:00,45.7,135.0,27.0,16.7,2.3,-0.4,16.5,90000000000,0.28,2023,January
6,2022-12-29 06:52:00,42.3,92.9,32.3,16.4,0.2,-12.3,-10.9,62000000000,0.2,2022,December
7,2022-12-13 17:26:00,32.75,2.1,20.0,18.7,-5.7,14.0,11.0,62000000000,0.2,2022,December
9,2022-11-20 13:53:00,15.0,109.7,26.0,21.7,9.0,12.3,15.4,34000000000,0.12,2022,November
14,2022-09-14 23:31:00,40.8,63.4,35.8,17.4,-13.9,-4.3,9.5,32000000000,0.11,2022,September
15,2022-09-04 03:54:00,20.0,165.9,14.0,21.9,18.4,-11.4,-3.5,24000000000,0.09,2022,September
18,2022-07-28 01:36:00,6.0,86.9,37.5,29.9,-17.1,23.5,-7.2,251000000000,0.68,2022,July
19,2022-07-27 04:41:00,44.8,2.9,38.1,19.8,-6.1,17.7,6.5,524000000000,1.3,2022,July
20,2022-07-25 07:28:00,40.5,76.6,33.6,15.2,-2.1,-2.2,14.9,87000000000,0.27,2022,July
21,2022-07-22 00:16:00,23.3,20.5,32.7,17.4,-7.1,15.5,-3.3,60000000000,0.19,2022,July
22,2022-07-20 10:56:00,43.0,59.6,32.2,16.0,-0.9,15.6,-3.6,86000000000,0.27,2022,July
23,2022-07-08 01:36:00,21.3,130.1,22.0,20.2,17.9,-4.1,-8.3,27000000000,0.1,2022,July
26,2022-06-26 20:16:00,69.7,164.7,19.0,20.1,0.2,-18.3,8.2,65000000000,0.21,2022,June
28,2022-06-07 22:53:00,40.8,127.1,41.1,24.9,23.1,2.0,-9.2,31000000000,0.11,2022,June
30,2022-04-21 22:15:00,55.5,68.9,28.4,12.7,-4.2,11.6,3.2,39000000000,0.13,2022,April
31,2022-04-12 21:59:00,8.2,57.8,23.8,20.6,-19.3,-6.3,3.6,52000000000,0.17,2022,April
32,2022-04-04 00:30:00,3.2,64.3,31.5,19.7,-17.6,5.3,-7.2,27000000000,0.1,2022,April
34,2022-03-28 10:20:00,7.7,74.3,29.0,19.6,-16.6,-10.4,0.1,378000000000,0.98,2022,March
35,2022-03-24 03:43:00,1.9,20.6,56.7,18.2,-12.4,11.4,6.9,76000000000,0.24,2022,March
36,2022-03-11 21:22:00,70.0,9.1,33.3,17.2,-11.5,-5.3,-11.7,1850000000000,4.0,2022,March
40,2022-02-17 03:53:00,5.4,56.4,32.4,21.5,-4.4,-19.6,-7.7,65000000000,0.21,2022,February
41,2022-02-07 20:06:00,28.7,11.4,26.5,13.1,-8.9,-7.3,-6.3,3480000000000,7.0,2022,February
42,2022-02-03 19:50:00,13.3,142.2,36.0,22.8,17.6,9.7,-10.8,152000000000,0.44,2022,February
43,2022-01-30 02:06:00,50.0,38.0,36.6,20.0,-10.8,16.8,1.0,54000000000,0.18,2022,January
45,2022-01-11 03:33:00,58.4,160.2,40.8,22.8,-2.5,5.3,22.0,1260000000000,2.9,2022,January
47,2021-12-29 03:15:00,69.7,115.0,44.0,22.0,7.4,-8.6,18.8,20000000000,0.07,2021,December
49,2021-12-20 23:15:00,62.7,60.3,56.0,18.2,10.3,-7.1,-13.2,32000000000,0.11,2021,December
51,2021-11-28 18:06:00,32.6,113.5,38.4,19.7,0.2,-2.2,-19.6,40000000000,0.13,2021,November
52,2021-11-17 15:53:00,6.8,119.1,35.0,23.0,7.0,-18.3,-12.0,24000000000,0.09,2021,November
55,2021-10-21 10:32:00,51.5,51.4,30.0,15.9,-14.1,-7.0,-1.9,37000000000,0.13,2021,October
57,2021-10-20 00:43:00,59.0,154.3,31.4,27.5,12.9,4.2,-23.9,20000000000,0.07,2021,October
58,2021-09-29 10:50:00,53.9,148.0,28.0,21.2,-3.5,-9.0,-18.9,137000000000,0.4,2021,September
59,2021-09-06 17:55:00,2.1,111.8,26.0,13.6,-4.4,6.9,10.9,31000000000,0.11,2021,September
61,2021-07-29 13:19:00,42.4,98.4,26.4,14.7,-1.6,-11.9,-8.4,37000000000,0.13,2021,July
63,2021-07-05 03:46:00,44.3,164.2,43.4,15.7,0.7,15.7,-0.5,740000000000,1.8,2021,July
66,2021-05-06 05:54:00,34.7,141.0,31.0,26.6,9.6,-24.4,-4.6,21000000000,0.08,2021,May
68,2021-04-13 02:16:00,26.8,79.1,44.4,14.1,-2.8,12.6,5.6,21000000000,0.08,2021,April
69,2021-04-02 15:52:00,71.2,106.7,40.0,14.1,-8.9,6.3,-9.0,137000000000,0.4,2021,April
70,2021-03-06 08:43:00,48.6,90.4,31.1,18.1,12.7,-4.7,12.0,141000000000,0.41,2021,March
71,2021-03-05 13:50:00,81.1,141.1,32.5,23.3,10.1,-8.4,19.2,39000000000,0.13,2021,March
73,2021-02-09 23:27:00,75.8,92.8,31.0,13.1,-5.2,6.3,-10.3,30000000000,0.1,2021,February
74,2021-02-02 10:03:00,48.7,80.1,20.0,12.8,4.0,-6.7,-10.1,31000000000,0.11,2021,February
75,2021-01-31 02:59:00,5.3,115.2,39.4,15.2,14.0,-5.8,1.7,267000000000,0.72,2021,January
76,2021-01-29 16:12:00,38.8,51.3,30.0,14.3,-14.2,1.9,-0.6,77000000000,0.24,2021,January
78,2021-01-24 07:33:00,45.0,95.5,37.5,19.2,13.3,-3.7,13.3,61000000000,0.2,2021,January
79,2020-12-29 20:32:00,14.9,158.2,33.0,14.4,-3.0,10.2,-9.7,49000000000,0.16,2020,December
80,2020-12-28 17:27:00,36.8,54.7,28.3,15.2,1.5,3.5,-14.7,57000000000,0.18,2020,December
81,2020-12-22 23:23:00,31.9,96.2,35.5,13.6,-2.6,5.9,-12.1,4900000000000,9.5,2020,December
82,2020-11-28 16:34:00,33.3,135.1,28.1,19.6,1.8,-16.5,-10.4,26000000000,0.09,2020,November
84,2020-11-07 21:27:00,59.8,16.8,22.3,16.7,-10.8,1.2,-12.7,111000000000,0.33,2020,November
85,2020-10-26 15:09:00,5.9,160.4,28.5,17.6,10.9,-13.8,-0.1,114000000000,0.34,2020,October
87,2020-10-22 17:39:00,22.0,133.5,40.0,17.6,-9.4,14.1,-4.9,44000000000,0.15,2020,October
91,2020-10-18 10:52:00,11.4,135.8,36.0,16.4,15.6,1.5,4.9,36000000000,0.12,2020,October
92,2020-09-18 08:05:00,2.4,169.7,46.0,11.7,10.2,2.9,-4.9,41000000000,0.14,2020,September
93,2020-08-30 16:08:00,26.0,133.5,27.8,23.4,7.8,-21.7,3.7,64000000000,0.2,2020,August
94,2020-08-02 16:36:00,35.1,34.2,38.0,11.1,0.5,6.0,9.3,74000000000,0.23,2020,August
96,2020-07-20 21:25:00,51.8,11.2,31.6,14.1,-2.9,-1.0,-13.8,50000000000,0.16,2020,July
97,2020-07-12 07:50:00,48.7,74.0,29.4,18.3,-5.0,-13.0,-11.9,75000000000,0.23,2020,July
98,2020-05-27 17:30:00,40.8,41.7,29.3,14.9,-6.0,-7.3,-11.5,57000000000,0.18,2020,May
102,2020-05-09 02:56:00,44.8,131.0,31.2,14.5,-13.0,-4.0,-5.0,41000000000,0.14,2020,May
106,2020-03-26 23:27:00,38.3,23.5,26.5,20.7,-10.0,3.2,17.8,124000000000,0.37,2020,March
109,2020-03-04 20:25:00,53.3,90.8,24.3,19.8,-5.2,2.2,19.0,394000000000,1.0,2020,March
110,2020-02-28 09:30:00,45.7,15.1,34.5,21.5,-18.2,-11.3,-2.1,115000000000,0.34,2020,February
112,2020-02-10 23:48:00,28.2,76.7,41.7,31.7,-27.8,-14.3,-5.2,27000000000,0.1,2020,February
113,2020-01-27 05:39:00,30.4,1.5,32.5,19.8,-2.0,-16.6,-10.6,44000000000,0.15,2020,January
114,2020-01-24 11:13:00,28.0,35.8,32.0,21.2,-18.6,-9.0,-4.7,26000000000,0.09,2020,January
115,2020-01-21 20:07:00,33.1,34.3,43.3,27.4,-7.5,-23.5,-11.9,28000000000,0.1,2020,January
116,2020-01-17 21:29:00,19.4,66.0,14.5,15.5,-13.2,8.1,1.2,97000000000,0.29,2020,January
117,2020-01-16 09:31:00,71.7,116.4,27.8,12.9,9.8,-4.5,7.0,59000000000,0.19,2020,January
120,2019-12-21 14:30:00,56.5,147.6,35.5,22.2,14.9,-8.1,-14.3,65000000000,0.21,2019,December
121,2019-12-11 01:19:00,47.7,161.7,37.0,17.8,13.7,-10.9,-3.3,39000000000,0.13,2019,December
124,2019-11-28 20:30:00,35.7,31.7,35.0,13.0,-11.6,-2.5,-5.4,27000000000,0.1,2019,November
126,2019-11-28 11:55:00,22.1,25.7,22.5,24.7,-22.8,-5.5,7.6,25000000000,0.09,2019,November
127,2019-11-05 11:24:00,10.4,143.3,38.0,27.4,5.2,12.3,23.9,110000000000,0.33,2019,November
129,2019-10-10 16:16:00,44.3,122.9,47.3,14.1,1.5,-12.9,-5.4,206000000000,0.57,2019,October
130,2019-09-28 10:40:00,12.5,107.2,52.0,20.4,-10.1,11.2,13.7,23000000000,0.08,2019,September
132,2019-09-14 12:39:00,38.6,33.5,38.0,15.9,-12.9,8.1,4.6,109000000000,0.33,2019,September
133,2019-09-13 02:02:00,18.6,126.9,27.4,13.5,5.2,-8.1,9.5,42000000000,0.14,2019,September
134,2019-09-12 12:49:00,54.5,9.2,42.0,18.5,-18.1,-0.4,3.7,169000000000,0.48,2019,September
135,2019-09-12 02:34:00,24.9,47.8,30.6,17.2,-11.7,11.7,4.6,59000000000,0.19,2019,September
136,2019-08-24 12:02:00,21.9,130.4,39.8,13.4,11.1,-5.2,5.4,40000000000,0.13,2019,August
138,2019-08-16 20:36:00,38.9,7.0,36.0,14.9,-3.9,4.0,-13.8,25000000000,0.09,2019,August
139,2019-07-23 20:42:00,44.6,147.6,30.6,16.1,1.5,15.1,-5.5,255000000000,0.69,2019,July
140,2019-06-30 16:52:00,21.2,129.5,59.0,42.3,25.2,31.2,-13.3,32000000000,0.11,2019,June
142,2019-06-22 21:25:00,14.9,66.2,25.0,14.9,-13.4,6.0,2.5,2950000000000,6.0,2019,June
144,2019-05-26 10:07:00,56.6,25.3,24.4,17.5,3.8,-5.8,16.1,42000000000,0.14,2019,May
145,2019-05-25 06:44:00,19.2,89.4,29.2,15.8,0.2,-15.7,2.1,49000000000,0.16,2019,May
147,2019-05-21 13:21:00,38.8,137.5,31.5,11.5,4.4,-8.5,6.4,656000000000,1.6,2019,May
148,2019-05-19 14:47:00,23.6,132.8,33.3,15.2,7.3,-12.2,5.3,33000000000,0.11,2019,May
151,2019-04-22 21:42:00,48.8,67.8,33.3,11.4,3.4,-4.2,10.0,124000000000,0.37,2019,April
152,2019-04-14 17:54:00,18.3,74.6,30.6,15.9,-2.5,5.9,-14.6,29000000000,0.1,2019,April
153,2019-04-06 11:59:00,56.5,94.9,41.5,18.1,6.2,11.1,-12.9,70000000000,0.22,2019,April
156,2019-03-19 02:06:00,24.0,140.3,28.7,16.2,10.2,0.4,12.6,20000000000,0.07,2019,March
157,2019-03-15 12:26:00,63.7,95.7,31.5,14.4,5.4,-13.2,1.7,46000000000,0.15,2019,March
158,2019-02-18 10:00:00,15.5,25.3,26.0,20.8,-16.6,-12.6,0.6,1960000000000,4.2,2019,February
159,2019-02-01 18:17:00,22.5,83.8,23.7,16.3,-2.4,13.6,8.7,579000000000,1.4,2019,February
161,2019-01-22 09:18:00,18.0,6.5,42.5,11.6,-8.6,-5.9,5.0,36000000000,0.12,2019,January
162,2018-12-23 23:38:00,47.5,174.4,31.8,16.5,9.9,7.6,10.8,89000000000,0.27,2018,December
163,2018-12-18 23:48:00,56.9,172.4,26.0,13.6,6.3,-3.0,-31.2,31300000000000,49.0,2018,December
164,2018-11-20 17:30:00,25.3,6.7,27.4,17.4,-10.1,13.9,3.0,422000000000,1.1,2018,November
165,2018-11-17 21:48:00,47.3,172.9,32.5,19.1,7.6,17.3,-2.7,220000000000,0.61,2018,November
170,2018-10-05 00:27:00,39.8,31.7,31.5,14.7,-13.2,-6.5,-0.4,38000000000,0.13,2018,October
171,2018-09-25 14:10:00,23.5,56.8,33.0,16.5,-16.2,2.8,0.6,806000000000,1.9,2018,September
172,2018-09-25 00:16:00,34.3,44.9,40.7,12.5,-11.0,2.5,-5.5,53000000000,0.17,2018,September
176,2018-08-27 04:36:00,1.7,141.4,33.0,16.1,9.8,-9.6,-8.4,24000000000,0.09,2018,August
179,2018-07-25 21:55:00,76.9,69.0,43.3,24.4,20.4,12.9,-3.8,877000000000,2.1,2018,July
181,2018-06-26 17:51:00,32.0,12.1,63.0,14.1,-10.0,-1.0,-9.9,29000000000,0.1,2018,June
182,2018-06-21 01:16:00,52.8,38.1,27.2,14.4,-8.9,-4.3,-10.5,1220000000000,2.8,2018,June
183,2018-06-02 16:44:00,21.2,23.3,28.7,16.9,0.9,-16.4,3.9,375000000000,0.98,2018,June
186,2018-05-03 07:23:00,46.9,7.5,39.0,11.5,1.3,-2.1,-11.2,38000000000,0.13,2018,May
187,2018-04-30 13:17:00,45.5,1.4,34.0,13.1,8.7,-9.5,2.5,30000000000,0.1,2018,April
188,2018-04-21 12:06:00,59.0,45.8,28.2,14.6,7.1,-4.6,11.9,36000000000,0.12,2018,April
189,2018-04-19 14:02:00,7.5,3.6,30.0,20.9,-9.1,-2.5,18.6,72000000000,0.23,2018,April
190,2018-04-19 13:39:00,22.2,72.6,31.5,10.9,-5.9,-9.1,1.4,512000000000,1.3,2018,April
192,2018-02-21 01:28:00,13.5,37.1,31.5,13.1,-0.9,13.1,-0.4,71000000000,0.22,2018,February
196,2018-02-01 12:21:00,19.4,104.3,37.0,16.5,8.1,-8.4,-11.7,190000000000,0.53,2018,February
198,2018-01-15 02:18:00,52.0,57.2,43.6,23.7,18.6,-12.1,8.4,199000000000,0.56,2018,January
199,2018-01-06 21:24:00,55.8,52.5,26.0,21.0,0.8,2.2,-20.9,28000000000,0.1,2018,January
204,2017-12-15 13:14:00,60.2,170.0,20.0,31.4,27.8,-4.7,-13.9,3110000000000,6.4,2017,December
205,2017-11-19 04:17:00,24.2,135.0,33.3,11.4,6.7,-3.4,8.6,28000000000,0.1,2017,November
207,2017-10-23 15:31:00,28.8,44.6,35.4,16.7,-5.7,-10.7,-11.5,24000000000,0.09,2017,October
208,2017-10-15 04:33:00,65.2,128.2,24.1,15.9,9.5,-8.3,9.7,33000000000,0.11,2017,October
210,2017-10-04 12:07:00,28.1,99.4,37.0,14.6,-8.5,-9.0,7.8,192000000000,0.54,2017,October
211,2017-09-05 05:11:00,49.3,116.9,36.0,14.7,12.7,-6.1,-4.2,38000000000,0.13,2017,September
213,2017-07-23 06:12:00,6.6,69.7,38.0,17.2,-0.4,8.7,-14.8,35000000000,0.12,2017,July
214,2017-07-13 09:30:00,23.1,60.7,35.0,13.7,-10.0,-6.5,-6.8,73000000000,0.23,2017,July
215,2017-06-30 14:26:00,34.3,134.5,20.0,15.2,10.9,-9.7,4.2,94000000000,0.29,2017,June
216,2017-06-23 20:21:00,57.0,143.7,35.1,24.3,17.7,13.1,-10.3,184000000000,0.52,2017,June
217,2017-06-20 13:41:00,54.2,133.0,33.3,13.6,8.7,-5.7,8.8,636000000000,1.6,2017,June
218,2017-05-24 07:03:00,9.1,101.8,46.0,18.4,-6.5,-16.5,-5.0,90000000000,0.28,2017,May
221,2017-04-30 21:28:00,25.7,56.2,32.4,21.5,-13.4,-14.2,8.9,150000000000,0.43,2017,April
223,2017-03-09 04:16:00,40.5,18.0,23.0,36.5,-15.3,25.8,-20.8,400000000000,1.0,2017,March
225,2017-02-25 01:22:00,29.5,13.5,25.4,12.2,-7.6,-9.3,2.2,65000000000,0.21,2017,February
227,2017-02-18 19:48:00,6.2,60.4,38.0,24.2,-6.6,-22.7,-5.3,295000000000,0.79,2017,February
230,2016-12-23 03:29:00,21.3,49.3,42.0,29.7,-22.4,16.4,-10.5,38000000000,0.13,2016,December
233,2016-11-24 14:10:00,15.2,80.3,30.6,17.4,9.1,-11.2,9.7,138000000000,0.4,2016,November
235,2016-10-01 20:23:00,36.2,6.7,27.8,14.2,-10.0,3.9,-9.3,31000000000,0.11,2016,October
236,2016-09-22 04:57:00,51.8,178.5,40.0,17.5,-2.5,-3.3,17.0,71000000000,0.22,2016,September
237,2016-09-14 15:01:00,3.5,44.6,54.0,18.3,3.5,-16.2,7.7,76000000000,0.24,2016,September
239,2016-08-11 05:59:00,43.7,53.8,34.3,14.9,-0.7,-11.4,9.6,184000000000,0.52,2016,August
242,2016-07-05 01:24:00,1.0,48.6,38.2,25.1,-10.3,-2.0,-22.8,153000000000,0.44,2016,July
243,2016-06-27 10:02:00,15.8,11.9,33.3,29.1,-29.1,1.5,0.7,458000000000,1.2,2016,June
244,2016-06-05 06:12:00,17.4,138.3,28.7,14.5,6.0,-11.9,5.7,331000000000,0.87,2016,June
247,2016-05-20 11:59:00,32.8,15.1,30.6,20.8,5.4,-9.9,17.5,20000000000,0.07,2016,May
248,2016-05-16 10:09:00,3.2,6.6,41.7,12.2,-6.7,-3.3,-9.6,519000000000,1.3,2016,May
251,2016-04-18 11:59:00,20.7,14.5,31.5,17.1,-3.5,2.2,-16.6,224000000000,0.62,2016,April
253,2016-04-10 14:57:00,22.0,149.0,35.2,15.1,4.7,-12.9,-6.4,655000000000,1.6,2016,April
254,2016-03-16 23:54:00,49.2,6.3,42.0,13.3,-7.6,9.1,6.0,32000000000,0.11,2016,March
255,2016-03-03 01:32:00,48.0,51.0,31.8,11.7,4.8,-7.1,7.9,58000000000,0.19,2016,March
256,2016-02-23 03:59:00,32.3,67.2,44.0,17.9,-8.5,-1.6,-15.7,35000000000,0.12,2016,February
258,2016-02-19 08:15:00,0.7,11.6,39.4,15.5,-14.9,-0.5,4.1,202000000000,0.56,2016,February
260,2016-02-06 13:55:00,30.4,25.5,31.0,15.6,2.7,14.5,5.0,6850000000000,13.0,2016,February
261,2016-01-27 09:59:00,45.8,53.6,37.0,11.5,-10.0,-4.4,3.6,50000000000,0.16,2016,January
262,2016-01-21 16:44:00,10.8,0.7,42.5,18.1,-3.8,-17.7,-1.2,46000000000,0.15,2016,January
264,2015-12-21 02:32:00,5.9,143.0,42.2,12.1,6.4,-10.0,2.5,83000000000,0.26,2015,December
270,2015-10-13 12:23:00,8.0,52.5,38.9,12.9,-6.6,3.8,10.4,23000000000,0.08,2015,October
272,2015-10-10 09:57:00,51.0,21.1,51.8,11.8,-1.3,-5.1,10.6,36000000000,0.12,2015,October
276,2015-09-08 13:46:00,6.3,29.9,44.4,16.1,-11.5,-11.3,-0.9,20000000000,0.07,2015,September
277,2015-09-07 01:41:00,14.5,98.9,29.3,21.0,16.8,-12.0,-3.8,1800000000000,3.9,2015,September
278,2015-09-02 20:10:00,39.1,40.2,39.8,24.1,10.3,-12.2,-18.0,37000000000,0.13,2015,September
280,2015-07-19 07:06:00,20.6,87.6,22.0,17.8,9.4,13.0,7.8,23000000000,0.08,2015,July
282,2015-07-04 01:40:00,38.6,103.1,46.3,49.0,0.9,-40.4,-27.7,56000000000,0.18,2015,July
283,2015-06-14 03:03:00,6.3,124.1,32.4,31.9,-4.7,-17.8,-26.0,71000000000,0.22,2015,June
289,2015-05-10 07:45:00,46.3,179.3,29.6,12.2,11.2,0.9,4.7,143000000000,0.42,2015,May
290,2015-05-07 20:34:00,21.5,29.3,37.0,17.3,-16.2,-5.8,1.4,52000000000,0.17,2015,May
291,2015-04-30 10:21:00,48.7,139.1,26.7,12.9,12.2,-4.2,0.9,105000000000,0.32,2015,April
292,2015-04-21 01:42:00,37.7,39.6,37.4,21.3,-15.3,12.8,7.4,88000000000,0.27,2015,April
294,2015-04-08 04:06:00,25.5,51.5,36.3,19.2,8.0,-15.6,-7.9,173000000000,0.49,2015,April
296,2015-03-30 21:33:00,36.1,5.5,33.1,13.8,-13.7,-1.7,0.8,64000000000,0.2,2015,March
298,2015-03-11 06:18:00,8.0,119.1,35.2,19.9,5.5,-10.5,-16.0,72000000000,0.23,2015,March
300,2015-03-04 04:30:00,15.9,88.1,39.8,18.0,7.8,-16.0,-2.5,55000000000,0.18,2015,March
301,2015-02-26 22:06:00,68.0,149.0,33.7,21.1,5.6,-2.3,-20.2,188000000000,0.53,2015,February
303,2015-02-17 13:19:00,8.0,11.2,39.0,28.8,-28.2,3.4,4.6,33000000000,0.11,2015,February
305,2015-01-09 10:41:00,2.0,28.8,36.0,17.5,-10.7,-7.6,11.6,139000000000,0.41,2015,January
306,2015-01-07 01:05:00,45.7,26.9,45.5,35.7,-35.4,1.8,-4.4,136000000000,0.4,2015,January
307,2015-01-02 13:39:00,31.1,140.0,38.1,18.1,4.5,-14.4,-10.0,20000000000,0.07,2015,January
308,2014-12-13 02:53:00,86.7,162.1,30.7,21.7,15.3,-13.3,-7.8,44000000000,0.15,2014,December
309,2014-12-12 06:48:00,33.5,144.9,26.3,12.0,11.5,-2.8,-2.2,33000000000,0.11,2014,December
311,2014-11-28 11:47:00,45.8,172.7,26.1,13.4,0.4,-1.4,13.3,700000000000,1.7,2014,November
313,2014-11-26 23:16:00,69.5,179.7,23.3,25.3,21.3,2.2,13.4,118000000000,0.35,2014,November
314,2014-11-26 17:40:00,68.2,24.0,37.0,19.9,-7.0,16.1,9.4,105000000000,0.32,2014,November
315,2014-11-04 20:13:00,43.1,115.8,22.2,16.0,-7.2,-12.1,-7.7,156000000000,0.45,2014,November
318,2014-10-14 10:25:00,2.0,119.2,27.2,16.9,15.0,-6.9,-3.5,29000000000,0.1,2014,October
324,2014-08-23 06:29:00,61.7,132.6,22.2,16.2,-2.3,5.7,16.5,3820000000000,7.6,2014,August
327,2014-06-28 02:40:00,18.9,141.2,26.3,12.4,12.0,3.5,-10.5,245000000000,0.67,2014,June
328,2014-06-26 05:54:00,71.5,93.4,28.5,11.2,7.0,2.9,8.3,61000000000,0.2,2014,June
330,2014-05-16 20:06:00,39.4,95.9,30.8,18.0,2.9,13.4,-12.5,136000000000,0.4,2014,May
331,2014-05-16 12:42:00,44.2,176.2,44.0,16.5,14.4,4.6,6.5,309000000000,0.82,2014,May
332,2014-05-08 19:42:00,36.9,87.3,35.4,19.0,-2.0,-16.1,9.9,1050000000000,2.4,2014,May
333,2014-03-29 13:45:00,28.7,121.5,30.7,16.3,10.0,-12.7,2.2,39000000000,0.13,2014,March
339,2014-01-12 16:00:00,2.9,64.4,37.0,16.2,-5.2,-15.1,2.6,78000000000,0.24,2014,January
340,2014-01-08 17:05:00,1.3,147.6,18.7,44.8,-3.4,-43.5,-10.3,31000000000,0.11,2014,January
341,2013-12-23 08:30:00,39.5,2.0,34.3,15.1,-1.1,11.4,-9.9,147000000000,0.43,2013,December
342,2013-12-08 03:10:00,32.8,165.1,23.5,11.8,2.3,2.5,-11.3,64000000000,0.2,2013,December
343,2013-11-21 01:50:00,44.7,35.3,59.3,12.4,-5.0,-11.0,-2.7,75000000000,0.23,2013,November
344,2013-10-12 16:06:00,19.1,25.0,22.2,12.8,-8.0,8.4,-5.5,1610000000000,3.5,2013,October
349,2013-07-31 03:50:00,31.8,137.1,29.1,17.8,17.7,-2.3,-0.1,69000000000,0.22,2013,July
350,2013-07-30 02:36:00,50.2,90.2,25.6,18.8,15.9,-8.6,5.1,390000000000,1.0,2013,July
351,2013-07-27 08:30:00,0.3,156.2,26.5,22.1,16.0,14.9,-3.3,120000000000,0.36,2013,July
357,2013-04-30 08:40:00,35.5,30.7,21.2,12.1,1.0,9.0,-8.0,5110000000000,10.0,2013,April
358,2013-04-21 06:23:00,28.1,64.6,40.7,14.9,5.0,14.0,1.0,1070000000000,2.5,2013,April
361,2013-02-15 03:20:00,54.8,61.1,23.3,18.6,12.8,-13.3,-2.4,375000000000000,440.0,2013,February
367,2012-11-20 20:37:00,2.5,29.6,33.3,14.3,-12.2,-5.3,5.3,25000000000,0.09,2012,November
370,2012-10-19 16:26:00,75.4,49.6,29.3,13.2,-2.3,-3.9,12.4,23000000000,0.08,2012,October
371,2012-10-09 00:54:00,51.2,84.6,27.8,13.5,3.4,12.0,5.1,210000000000,0.58,2012,October
373,2012-10-02 16:38:00,8.1,111.9,35.0,15.4,1.4,15.3,1.0,470000000000,1.2,2012,October
375,2012-09-18 19:34:00,1.2,52.2,28.1,18.3,-1.9,14.1,-11.5,244000000000,0.67,2012,September
377,2012-09-10 01:03:00,69.8,111.7,23.8,16.9,-10.2,-5.2,12.4,23000000000,0.08,2012,September
378,2012-08-27 06:57:00,18.3,64.2,38.7,28.9,-8.0,-23.7,-14.5,68000000000,0.22,2012,August
379,2012-08-26 14:55:00,11.8,117.0,36.0,12.7,5.0,-11.6,-0.7,249000000000,0.68,2012,August
382,2012-07-25 07:48:00,36.4,41.5,26.8,18.5,0.8,2.0,-18.4,133000000000,0.39,2012,July
386,2012-05-15 11:04:00,61.8,135.5,33.3,17.1,-0.8,1.1,17.0,132000000000,0.39,2012,May
392,2012-03-12 06:40:00,2.5,139.8,25.0,11.8,0.1,-11.8,0.3,99000000000,0.3,2012,March
399,2012-02-04 14:42:00,32.4,0.1,34.2,12.2,-3.9,10.9,4.0,150000000000,0.43,2012,February
400,2012-01-15 12:26:00,64.1,109.9,26.3,12.3,-1.9,5.1,11.0,21000000000,0.08,2012,January
407,2011-09-13 23:36:00,19.9,13.8,21.3,16.7,-3.7,1.8,16.2,67000000000,0.21,2011,September
418,2011-05-25 05:40:00,4.1,14.0,59.0,11.6,-3.4,-10.8,2.4,2280000000000,4.8,2011,May
424,2011-04-06 08:30:00,71.1,43.5,22.2,12.7,3.3,11.8,-3.5,148000000000,0.43,2011,April
428,2011-03-01 10:37:00,53.5,103.9,30.6,11.9,-6.7,-1.1,-9.8,37000000000,0.13,2011,March
429,2011-02-21 05:07:00,26.3,43.7,44.4,18.0,10.3,-14.8,0.1,39000000000,0.13,2011,February
433,2010-12-25 23:24:00,38.0,158.0,26.0,18.1,18.0,-2.0,-4.0,20000000000000,33.0,2010,December
448,2010-09-03 12:04:00,61.0,146.7,33.3,12.3,9.8,-3.5,6.5,1750000000000,3.8,2010,September
453,2010-07-06 23:54:00,34.1,174.5,26.0,15.7,12.1,10.0,0.2,7560000000000,14.0,2010,July
458,2010-04-16 04:38:00,1.8,176.9,22.2,18.8,12.4,-13.2,-5.2,844000000000,2.0,2010,April
464,2010-03-08 22:02:00,32.0,92.9,52.0,24.5,19.1,11.0,10.7,323000000000,0.85,2010,March
465,2010-02-28 22:24:00,48.7,21.0,37.0,15.1,-11.7,2.7,-9.1,153000000000,0.44,2010,February
468,2010-01-15 19:17:00,8.3,27.0,25.0,14.0,-9.1,6.0,8.8,492000000000,1.2,2010,January
472,2009-11-21 20:53:00,22.0,29.2,38.0,32.1,3.0,-17.0,27.0,10000000000000,18.0,2009,November
479,2009-10-08 02:57:00,4.2,120.6,19.1,19.2,14.0,-16.0,-6.0,20000000000000,33.0,2009,October
482,2009-09-04 02:23:00,42.5,110.0,28.3,24.0,19.2,-11.6,-8.5,965000000000,2.3,2009,September
483,2009-08-23 21:17:00,67.7,18.3,34.0,12.2,-6.9,5.3,8.5,280000000000,0.75,2009,August
487,2009-06-27 13:08:00,26.6,12.6,26.1,15.2,-11.6,1.6,9.7,32000000000,0.11,2009,June
495,2009-04-10 18:42:00,44.7,25.7,32.4,19.1,-18.9,2.6,0.3,270000000000,0.73,2009,April
500,2009-02-07 19:51:00,56.6,69.8,40.0,15.4,-2.4,-1.9,-15.1,1600000000000,3.5,2009,February
503,2008-12-24 15:51:00,68.9,102.0,21.1,24.1,-13.4,18.0,8.8,35000000000,0.12,2008,December
506,2008-11-24 22:01:00,57.9,146.1,34.8,23.7,21.5,10.0,0.4,146000000000,0.42,2008,November
507,2008-11-21 00:26:00,53.1,109.9,28.2,12.9,3.9,-4.1,-11.6,142000000000,0.41,2008,November
508,2008-11-18 09:41:00,29.4,75.9,35.2,22.4,-4.0,-15.2,-16.0,25000000000,0.09,2008,November
510,2008-10-21 02:20:00,32.8,165.6,29.6,11.3,9.6,5.8,1.5,46000000000,0.15,2008,October
512,2008-10-07 02:45:00,20.9,31.4,38.9,13.3,-9.0,9.0,3.8,395000000000,1.0,2008,October
516,2008-08-07 06:07:00,18.5,180.0,45.4,13.8,6.5,-12.1,1.7,41000000000,0.14,2008,August
517,2008-07-23 14:45:00,38.6,68.0,31.5,14.5,-7.7,-8.2,-9.1,121000000000,0.36,2008,July
520,2008-07-08 15:55:00,72.8,147.3,52.2,21.7,-12.9,1.9,-17.4,66000000000,0.21,2008,July
521,2008-07-01 17:40:00,37.1,115.7,36.1,9.8,2.8,1.7,-9.2,36000000000,0.12,2008,July
522,2008-06-27 02:01:00,26.9,17.7,33.7,23.1,-17.9,13.0,6.6,172000000000,0.49,2008,June
525,2008-05-24 10:18:00,0.8,162.0,37.0,14.2,7.9,3.1,11.4,150000000000,0.43,2008,May
532,2008-03-15 11:29:00,28.0,41.5,26.7,12.9,-4.1,4.8,-11.2,50000000000,0.16,2008,March
536,2008-02-17 12:19:00,74.9,73.4,40.4,13.9,-5.8,-10.7,-6.7,110000000000,0.33,2008,February
539,2008-01-09 03:53:00,66.8,67.3,31.5,11.6,4.3,5.7,9.1,41000000000,0.14,2008,January
543,2007-10-12 09:14:00,88.5,116.6,37.0,18.4,-4.5,-14.1,-10.9,33000000000,0.11,2007,October
545,2007-09-22 17:57:00,49.2,85.5,30.2,16.9,-9.2,13.6,3.8,237000000000,0.65,2007,September
546,2007-06-11 09:47:00,23.4,170.9,35.2,17.0,16.7,-2.1,-2.2,49000000000,0.16,2007,June
552,2007-04-18 12:44:00,83.7,171.2,38.0,24.4,-5.3,-2.5,23.7,112000000000,0.33,2007,April
554,2007-03-17 06:48:00,7.1,4.1,32.5,14.5,-7.3,-1.9,-12.4,40000000000,0.13,2007,March
559,2007-01-22 07:24:00,45.4,53.5,32.0,13.4,-3.3,-12.8,-1.9,76000000000,0.24,2007,January
563,2006-12-09 06:31:00,26.2,26.0,26.5,15.9,4.9,-15.0,1.6,7410000000000,14.0,2006,December
568,2006-10-14 18:10:00,49.4,175.0,44.4,23.9,4.9,23.4,-1.0,258000000000,0.7,2006,October
575,2006-09-02 04:26:00,14.0,109.1,44.1,14.2,10.0,-9.9,1.5,1230000000000,2.8,2006,September
581,2006-07-15 23:55:00,78.3,5.0,29.6,12.4,0.1,2.0,12.2,85000000000,0.26,2006,July
582,2006-07-15 15:22:00,31.1,45.6,38.9,30.2,9.2,-1.2,-28.7,163000000000,0.47,2006,July
583,2006-06-07 00:06:00,69.2,22.5,40.7,19.6,6.1,4.6,-18.0,59000000000,0.19,2006,June
594,2006-02-04 08:38:00,36.9,143.6,38.9,19.8,-8.8,3.4,-17.4,100000000000,0.3,2006,February
595,2006-01-28 03:33:00,51.7,56.4,37.0,18.7,8.4,-16.4,3.2,740000000000,1.8,2006,January
598,2006-01-10 23:25:00,29.8,12.7,32.4,16.9,-9.9,-6.3,-12.2,28000000000,0.1,2006,January
600,2005-12-29 10:05:00,3.0,154.9,42.2,20.7,18.6,8.5,3.2,190000000000,0.53,2005,December
602,2005-12-03 12:45:00,33.8,117.4,32.2,17.0,-12.1,-9.6,7.2,88000000000,0.27,2005,December
607,2005-11-09 07:33:00,31.0,145.9,30.7,13.8,13.5,-2.7,-0.7,73000000000,0.23,2005,November
615,2005-08-09 14:35:00,21.5,56.2,37.0,16.9,-16.3,4.3,1.4,25000000000,0.09,2005,August
619,2005-06-03 08:15:00,31.0,90.3,29.6,26.2,-1.5,25.3,6.7,82000000000,0.25,2005,June
622,2005-05-07 09:31:00,75.8,163.7,15.2,16.6,9.6,-9.7,9.4,26000000000,0.09,2005,May
625,2005-04-19 07:37:00,50.2,146.4,38.5,16.8,9.3,13.8,2.5,232000000000,0.64,2005,April
643,2005-01-02 23:09:00,21.3,154.7,35.2,21.5,20.2,-3.3,6.6,119000000000,0.35,2005,January
652,2004-10-07 13:14:00,27.3,71.5,35.0,19.2,-15.3,1.0,11.6,10400000000000,18.0,2004,October
665,2004-06-05 20:34:00,1.3,174.4,43.0,19.5,9.4,17.0,-1.5,1810000000000,3.9,2004,June
674,2004-04-22 04:21:00,44.3,83.3,29.6,16.3,8.5,-12.1,-6.8,624000000000,1.5,2004,April
675,2004-04-06 03:24:00,12.0,162.8,35.0,25.6,10.5,-23.2,-2.9,433000000000,1.1,2004,April
686,2003-11-10 13:54:00,64.5,136.2,23.0,20.1,14.8,-8.7,10.4,518000000000,1.3,2003,November
691,2003-09-27 12:59:00,21.0,86.6,26.0,18.2,-1.0,-5.4,-17.3,2150000000000,4.6,2003,September
851,1998-01-04 23:00:00,35.1,33.4,30.0,17.1,6.0,-10.6,12.0,74000000000,0.23,1998,January
