Peak Brightness Date/Time (UT),Latitude (deg.),Longitud (dg.),Altitude (km),Velocity (km/s),vx,vy,vz,Total Radiated Energy (J),Calculated Total Impact Energy (kt),year
2023-02-02 20:49:00.000000,26.2,143.1,33.0,,,,,30000000000,0.1,2023
2023-01-22 17:11:00.000000,3.5,76.2,61.0,,,,,20000000000,0.07,2023
2023-01-17 06:56:00.000000,33.1,173.7,38.0,14.2,7.8,-5.6,-10.5,29000000000,0.1,2023
2023-01-11 23:59:00.000000,31.5,18.6,33.5,17.5,-16.1,4.5,-5.2,46000000000,0.15,2023
2023-01-09 01:17:00.000000,45.7,135.0,27.0,16.7,2.3,-0.4,16.5,90000000000,0.28,2023
2023-01-02 16:38:00.000000,1.5,129.0,44.6,,,,,50000000000,0.16,2023
2022-12-29 06:52:00.000000,42.3,92.9,32.3,16.4,0.2,-12.3,-10.9,62000000000,0.2,2022
2022-12-13 17:26:00.000000,32.75,2.1,20.0,18.7,-5.7,14.0,11.0,62000000000,0.2,2022
2022-11-20 15:35:00.000000,17.0,95.7,50.0,,,,,33000000000,0.11,2022
2022-11-20 13:53:00.000000,15.0,109.7,26.0,21.7,9.0,12.3,15.4,34000000000,0.12,2022
2022-11-08 08:54:00.000000,77.2,93.2,41.0,,,,,39000000000,0.13,2022
2022-10-28 17:40:00.000000,7.1,118.9,45.0,,,,,47000000000,0.16,2022
2022-10-20 20:55:00.000000,26.6,165.1,65.6,,,,,47000000000,0.16,2022
2022-09-15 02:49:00.000000,22.7,97.6,31.5,,,,,27000000000,0.1,2022
2022-09-14 23:31:00.000000,40.8,63.4,35.8,17.4,-13.9,-4.3,9.5,32000000000,0.11,2022
2022-09-04 03:54:00.000000,20.0,165.9,14.0,21.9,18.4,-11.4,-3.5,24000000000,0.09,2022
2022-08-21 16:35:00.000000,6.3,51.5,37.0,,,,,21000000000,0.08,2022
2022-08-14 07:39:00.000000,35.0,78.4,55.5,,,,,468000000000,1.2,2022
2022-07-28 01:36:00.000000,6.0,86.9,37.5,29.9,-17.1,23.5,-7.2,251000000000,0.68,2022
2022-07-27 04:41:00.000000,44.8,2.9,38.1,19.8,-6.1,17.7,6.5,524000000000,1.3,2022
2022-07-25 07:28:00.000000,40.5,76.6,33.6,15.2,-2.1,-2.2,14.9,87000000000,0.27,2022
2022-07-22 00:16:00.000000,23.3,20.5,32.7,17.4,-7.1,15.5,-3.3,60000000000,0.19,2022
2022-07-20 10:56:00.000000,43.0,59.6,32.2,16.0,-0.9,15.6,-3.6,86000000000,0.27,2022
2022-07-08 01:36:00.000000,21.3,130.1,22.0,20.2,17.9,-4.1,-8.3,27000000000,0.1,2022
2022-07-07 01:49:00.000000,41.7,175.0,35.0,,,,,734000000000,1.8,2022
2022-06-30 04:02:00.000000,31.9,12.9,56.0,,,,,91000000000,0.28,2022
2022-06-26 20:16:00.000000,69.7,164.7,19.0,20.1,0.2,-18.3,8.2,65000000000,0.21,2022
2022-06-14 13:12:00.000000,4.6,39.1,61.0,,,,,91000000000,0.28,2022
2022-06-07 22:53:00.000000,40.8,127.1,41.1,24.9,23.1,2.0,-9.2,31000000000,0.11,2022
2022-05-24 02:38:00.000000,16.3,30.4,39.8,,,,,126000000000,0.37,2022
2022-04-21 22:15:00.000000,55.5,68.9,28.4,12.7,-4.2,11.6,3.2,39000000000,0.13,2022
2022-04-12 21:59:00.000000,8.2,57.8,23.8,20.6,-19.3,-6.3,3.6,52000000000,0.17,2022
2022-04-04 00:30:00.000000,3.2,64.3,31.5,19.7,-17.6,5.3,-7.2,27000000000,0.1,2022
2022-03-30 18:19:00.000000,45.9,171.4,74.0,,,,,20000000000,0.07,2022
2022-03-28 10:20:00.000000,7.7,74.3,29.0,19.6,-16.6,-10.4,0.1,378000000000,0.98,2022
2022-03-24 03:43:00.000000,1.9,20.6,56.7,18.2,-12.4,11.4,6.9,76000000000,0.24,2022
2022-03-11 21:22:00.000000,70.0,9.1,33.3,17.2,-11.5,-5.3,-11.7,1850000000000,4.0,2022
2022-03-06 15:06:00.000000,4.1,99.5,,,,,,20000000000,0.07,2022
2022-03-03 00:03:00.000000,50.4,45.9,72.0,,,,,21000000000,0.08,2022
2022-02-17 12:08:00.000000,33.5,38.9,41.0,,,,,27000000000,0.1,2022
2022-02-17 03:53:00.000000,5.4,56.4,32.4,21.5,-4.4,-19.6,-7.7,65000000000,0.21,2022
2022-02-07 20:06:00.000000,28.7,11.4,26.5,13.1,-8.9,-7.3,-6.3,3480000000000,7.0,2022
2022-02-03 19:50:00.000000,13.3,142.2,36.0,22.8,17.6,9.7,-10.8,152000000000,0.44,2022
2022-01-30 02:06:00.000000,50.0,38.0,36.6,20.0,-10.8,16.8,1.0,54000000000,0.18,2022
2022-01-28 05:04:00.000000,4.5,73.9,37.0,,,,,341000000000,0.9,2022
2022-01-11 03:33:00.000000,58.4,160.2,40.8,22.8,-2.5,5.3,22.0,1260000000000,2.9,2022
2022-01-01 20:23:00.000000,66.1,152.6,35.5,,,,,145000000000,0.42,2022
2021-12-29 03:15:00.000000,69.7,115.0,44.0,22.0,7.4,-8.6,18.8,20000000000,0.07,2021
2021-12-23 21:27:00.000000,4.9,29.6,37.0,,,,,21000000000,0.08,2021
2021-12-20 23:15:00.000000,62.7,60.3,56.0,18.2,10.3,-7.1,-13.2,32000000000,0.11,2021
2021-12-10 01:19:00.000000,47.5,172.6,27.5,,,,,50000000000,0.16,2021
2021-11-28 18:06:00.000000,32.6,113.5,38.4,19.7,0.2,-2.2,-19.6,40000000000,0.13,2021
2021-11-17 15:53:00.000000,6.8,119.1,35.0,23.0,7.0,-18.3,-12.0,24000000000,0.09,2021
2021-11-08 05:28:00.000000,33.8,7.7,36.0,,,,,33000000000,0.11,2021
2021-10-28 09:10:00.000000,4.1,138.7,35.2,,,,,30000000000,0.1,2021
2021-10-21 10:32:00.000000,51.5,51.4,30.0,15.9,-14.1,-7.0,-1.9,37000000000,0.13,2021
2021-10-20 08:41:00.000000,13.8,140.4,28.0,,,,,60000000000,0.19,2021
2021-10-20 00:43:00.000000,59.0,154.3,31.4,27.5,12.9,4.2,-23.9,20000000000,0.07,2021
2021-09-29 10:50:00.000000,53.9,148.0,28.0,21.2,-3.5,-9.0,-18.9,137000000000,0.4,2021
2021-09-06 17:55:00.000000,2.1,111.8,26.0,13.6,-4.4,6.9,10.9,31000000000,0.11,2021
2021-07-30 08:06:00.000000,7.8,90.1,63.0,,,,,146000000000,0.42,2021
2021-07-29 13:19:00.000000,42.4,98.4,26.4,14.7,-1.6,-11.9,-8.4,37000000000,0.13,2021
2021-07-07 13:41:00.000000,,,,,,,,33000000000,0.11,2021
2021-07-05 03:46:00.000000,44.3,164.2,43.4,15.7,0.7,15.7,-0.5,740000000000,1.8,2021
2021-06-09 05:43:00.000000,17.9,55.3,,,,,,23000000000,0.08,2021
2021-05-16 15:51:00.000000,52.1,171.2,37.0,,,,,38000000000,0.13,2021
2021-05-06 05:54:00.000000,34.7,141.0,31.0,26.6,9.6,-24.4,-4.6,21000000000,0.08,2021
2021-05-02 14:12:00.000000,12.3,43.4,,,,,,25000000000,0.09,2021
2021-04-13 02:16:00.000000,26.8,79.1,44.4,14.1,-2.8,12.6,5.6,21000000000,0.08,2021
2021-04-02 15:52:00.000000,71.2,106.7,40.0,14.1,-8.9,6.3,-9.0,137000000000,0.4,2021
2021-03-06 08:43:00.000000,48.6,90.4,31.1,18.1,12.7,-4.7,12.0,141000000000,0.41,2021
2021-03-05 13:50:00.000000,81.1,141.1,32.5,23.3,10.1,-8.4,19.2,39000000000,0.13,2021
2021-02-28 03:47:00.000000,9.2,64.1,,,,,,28000000000,0.1,2021
2021-02-09 23:27:00.000000,75.8,92.8,31.0,13.1,-5.2,6.3,-10.3,30000000000,0.1,2021
2021-02-02 10:03:00.000000,48.7,80.1,20.0,12.8,4.0,-6.7,-10.1,31000000000,0.11,2021
2021-01-31 02:59:00.000000,5.3,115.2,39.4,15.2,14.0,-5.8,1.7,267000000000,0.72,2021
2021-01-29 16:12:00.000000,38.8,51.3,30.0,14.3,-14.2,1.9,-0.6,77000000000,0.24,2021
2021-01-25 03:01:00.000000,38.5,47.6,19.1,,,,,75000000000,0.23,2021
2021-01-24 07:33:00.000000,45.0,95.5,37.5,19.2,13.3,-3.7,13.3,61000000000,0.2,2021
2020-12-29 20:32:00.000000,14.9,158.2,33.0,14.4,-3.0,10.2,-9.7,49000000000,0.16,2020
2020-12-28 17:27:00.000000,36.8,54.7,28.3,15.2,1.5,3.5,-14.7,57000000000,0.18,2020
2020-12-22 23:23:00.000000,31.9,96.2,35.5,13.6,-2.6,5.9,-12.1,4900000000000,9.5,2020
2020-11-28 16:34:00.000000,33.3,135.1,28.1,19.6,1.8,-16.5,-10.4,26000000000,0.09,2020
2020-11-25 12:20:00.000000,30.5,81.0,,,,,,21000000000,0.08,2020
2020-11-07 21:27:00.000000,59.8,16.8,22.3,16.7,-10.8,1.2,-12.7,111000000000,0.33,2020
2020-10-26 15:09:00.000000,5.9,160.4,28.5,17.6,10.9,-13.8,-0.1,114000000000,0.34,2020
2020-10-23 20:51:00.000000,30.0,71.9,48.0,,,,,80000000000,0.25,2020
2020-10-22 17:39:00.000000,22.0,133.5,40.0,17.6,-9.4,14.1,-4.9,44000000000,0.15,2020
2020-10-21 18:57:00.000000,12.9,150.2,,,,,,22000000000,0.08,2020
2020-10-21 06:38:00.000000,29.7,93.9,39.0,,,,,27000000000,0.1,2020
2020-10-19 07:05:00.000000,48.6,93.9,40.7,,,,,21000000000,0.08,2020
2020-10-18 10:52:00.000000,11.4,135.8,36.0,16.4,15.6,1.5,4.9,36000000000,0.12,2020
2020-09-18 08:05:00.000000,2.4,169.7,46.0,11.7,10.2,2.9,-4.9,41000000000,0.14,2020
2020-08-30 16:08:00.000000,26.0,133.5,27.8,23.4,7.8,-21.7,3.7,64000000000,0.2,2020
2020-08-02 16:36:00.000000,35.1,34.2,38.0,11.1,0.5,6.0,9.3,74000000000,0.23,2020
2020-07-22 02:55:00.000000,20.0,103.8,36.0,,,,,22000000000,0.08,2020
2020-07-20 21:25:00.000000,51.8,11.2,31.6,14.1,-2.9,-1.0,-13.8,50000000000,0.16,2020
2020-07-12 07:50:00.000000,48.7,74.0,29.4,18.3,-5.0,-13.0,-11.9,75000000000,0.23,2020
2020-05-27 17:30:00.000000,40.8,41.7,29.3,14.9,-6.0,-7.3,-11.5,57000000000,0.18,2020
2020-05-18 01:11:00.000000,38.7,77.2,25.0,,,,,162000000000,0.46,2020
2020-05-12 23:22:00.000000,15.9,174.2,,,,,,83000000000,0.26,2020
2020-05-09 09:37:00.000000,7.2,44.2,52.5,,,,,41000000000,0.14,2020
2020-05-09 02:56:00.000000,44.8,131.0,31.2,14.5,-13.0,-4.0,-5.0,41000000000,0.14,2020
2020-04-28 05:43:00.000000,20.1,109.4,,,,,,21000000000,0.08,2020
2020-04-18 13:08:00.000000,12.5,49.8,,,,,,27000000000,0.1,2020
2020-04-14 11:11:00.000000,65.6,45.6,,,,,,20000000000,0.07,2020
2020-03-26 23:27:00.000000,38.3,23.5,26.5,20.7,-10.0,3.2,17.8,124000000000,0.37,2020
2020-03-23 16:51:00.000000,24.4,67.9,25.0,,,,,133000000000,0.39,2020
2020-03-22 06:44:00.000000,,,,,,,,25000000000,0.09,2020
2020-03-04 20:25:00.000000,53.3,90.8,24.3,19.8,-5.2,2.2,19.0,394000000000,1.0,2020
2020-02-28 09:30:00.000000,45.7,15.1,34.5,21.5,-18.2,-11.3,-2.1,115000000000,0.34,2020
2020-02-24 22:21:00.000000,3.6,96.0,,,,,,20000000000,0.07,2020
2020-02-10 23:48:00.000000,28.2,76.7,41.7,31.7,-27.8,-14.3,-5.2,27000000000,0.1,2020
2020-01-27 05:39:00.000000,30.4,1.5,32.5,19.8,-2.0,-16.6,-10.6,44000000000,0.15,2020
2020-01-24 11:13:00.000000,28.0,35.8,32.0,21.2,-18.6,-9.0,-4.7,26000000000,0.09,2020
2020-01-21 20:07:00.000000,33.1,34.3,43.3,27.4,-7.5,-23.5,-11.9,28000000000,0.1,2020
2020-01-17 21:29:00.000000,19.4,66.0,14.5,15.5,-13.2,8.1,1.2,97000000000,0.29,2020
2020-01-16 09:31:00.000000,71.7,116.4,27.8,12.9,9.8,-4.5,7.0,59000000000,0.19,2020
2020-01-15 06:31:00.000000,23.7,125.2,31.5,,,,,196000000000,0.55,2020
2020-01-06 11:03:00.000000,70.4,17.5,,,,,,45000000000,0.15,2020
2019-12-21 14:30:00.000000,56.5,147.6,35.5,22.2,14.9,-8.1,-14.3,65000000000,0.21,2019
2019-12-11 01:19:00.000000,47.7,161.7,37.0,17.8,13.7,-10.9,-3.3,39000000000,0.13,2019
2019-12-06 10:19:00.000000,3.3,37.7,19.5,,,,,46000000000,0.15,2019
2019-12-03 06:46:00.000000,5.6,52.2,61.5,,,,,42000000000,0.14,2019
2019-11-28 20:30:00.000000,35.7,31.7,35.0,13.0,-11.6,-2.5,-5.4,27000000000,0.1,2019
2019-11-28 13:22:00.000000,,,,,,,,26000000000,0.09,2019
2019-11-28 11:55:00.000000,22.1,25.7,22.5,24.7,-22.8,-5.5,7.6,25000000000,0.09,2019
2019-11-05 11:24:00.000000,10.4,143.3,38.0,27.4,5.2,12.3,23.9,110000000000,0.33,2019
2019-10-22 22:21:00.000000,12.0,76.0,40.7,,,,,27000000000,0.1,2019
2019-10-10 16:16:00.000000,44.3,122.9,47.3,14.1,1.5,-12.9,-5.4,206000000000,0.57,2019
2019-09-28 10:40:00.000000,12.5,107.2,52.0,20.4,-10.1,11.2,13.7,23000000000,0.08,2019
2019-09-27 13:35:00.000000,25.7,28.4,,,,,,34000000000,0.12,2019
2019-09-14 12:39:00.000000,38.6,33.5,38.0,15.9,-12.9,8.1,4.6,109000000000,0.33,2019
2019-09-13 02:02:00.000000,18.6,126.9,27.4,13.5,5.2,-8.1,9.5,42000000000,0.14,2019
2019-09-12 12:49:00.000000,54.5,9.2,42.0,18.5,-18.1,-0.4,3.7,169000000000,0.48,2019
2019-09-12 02:34:00.000000,24.9,47.8,30.6,17.2,-11.7,11.7,4.6,59000000000,0.19,2019
2019-08-24 12:02:00.000000,21.9,130.4,39.8,13.4,11.1,-5.2,5.4,40000000000,0.13,2019
2019-08-22 21:47:00.000000,24.4,92.9,30.2,,,,,20000000000,0.07,2019
2019-08-16 20:36:00.000000,38.9,7.0,36.0,14.9,-3.9,4.0,-13.8,25000000000,0.09,2019
2019-07-23 20:42:00.000000,44.6,147.6,30.6,16.1,1.5,15.1,-5.5,255000000000,0.69,2019
2019-06-30 16:52:00.000000,21.2,129.5,59.0,42.3,25.2,31.2,-13.3,32000000000,0.11,2019
2019-06-30 08:11:00.000000,2.5,168.7,,,,,,21000000000,0.08,2019
2019-06-22 21:25:00.000000,14.9,66.2,25.0,14.9,-13.4,6.0,2.5,2950000000000,6.0,2019
2019-06-20 06:07:00.000000,7.3,67.6,37.0,,,,,28000000000,0.1,2019
2019-05-26 10:07:00.000000,56.6,25.3,24.4,17.5,3.8,-5.8,16.1,42000000000,0.14,2019
2019-05-25 06:44:00.000000,19.2,89.4,29.2,15.8,0.2,-15.7,2.1,49000000000,0.16,2019
2019-05-22 15:16:00.000000,10.8,37.3,32.6,,,,,95000000000,0.29,2019
2019-05-21 13:21:00.000000,38.8,137.5,31.5,11.5,4.4,-8.5,6.4,656000000000,1.6,2019
2019-05-19 14:47:00.000000,23.6,132.8,33.3,15.2,7.3,-12.2,5.3,33000000000,0.11,2019
2019-05-12 22:41:00.000000,6.2,57.1,,,,,,21000000000,0.08,2019
2019-05-04 15:35:00.000000,28.4,88.3,26.5,,,,,22000000000,0.08,2019
2019-04-22 21:42:00.000000,48.8,67.8,33.3,11.4,3.4,-4.2,10.0,124000000000,0.37,2019
2019-04-14 17:54:00.000000,18.3,74.6,30.6,15.9,-2.5,5.9,-14.6,29000000000,0.1,2019
2019-04-06 11:59:00.000000,56.5,94.9,41.5,18.1,6.2,11.1,-12.9,70000000000,0.22,2019
2019-04-04 22:19:00.000000,35.3,93.9,,,,,,28000000000,0.1,2019
2019-03-27 12:50:00.000000,41.8,7.4,,,,,,22000000000,0.08,2019
2019-03-19 02:06:00.000000,24.0,140.3,28.7,16.2,10.2,0.4,12.6,20000000000,0.07,2019
2019-03-15 12:26:00.000000,63.7,95.7,31.5,14.4,5.4,-13.2,1.7,46000000000,0.15,2019
2019-02-18 10:00:00.000000,15.5,25.3,26.0,20.8,-16.6,-12.6,0.6,1960000000000,4.2,2019
2019-02-01 18:17:00.000000,22.5,83.8,23.7,16.3,-2.4,13.6,8.7,579000000000,1.4,2019
2019-01-29 20:47:00.000000,,,,,,,,25000000000,0.09,2019
2019-01-22 09:18:00.000000,18.0,6.5,42.5,11.6,-8.6,-5.9,5.0,36000000000,0.12,2019
2018-12-23 23:38:00.000000,47.5,174.4,31.8,16.5,9.9,7.6,10.8,89000000000,0.27,2018
2018-12-18 23:48:00.000000,56.9,172.4,26.0,13.6,6.3,-3.0,-31.2,31300000000000,49.0,2018
2018-11-20 17:30:00.000000,25.3,6.7,27.4,17.4,-10.1,13.9,3.0,422000000000,1.1,2018
2018-11-17 21:48:00.000000,47.3,172.9,32.5,19.1,7.6,17.3,-2.7,220000000000,0.61,2018
2018-11-15 08:02:00.000000,42.0,57.0,,,,,,20000000000,0.07,2018
2018-11-14 04:03:00.000000,37.6,83.5,37.0,,,,,38000000000,0.13,2018
2018-10-24 21:19:00.000000,6.7,148.6,33.3,,,,,47000000000,0.16,2018
2018-10-22 07:11:00.000000,,,,,,,,26000000000,0.09,2018
2018-10-05 00:27:00.000000,39.8,31.7,31.5,14.7,-13.2,-6.5,-0.4,38000000000,0.13,2018
2018-09-25 14:10:00.000000,23.5,56.8,33.0,16.5,-16.2,2.8,0.6,806000000000,1.9,2018
2018-09-25 00:16:00.000000,34.3,44.9,40.7,12.5,-11.0,2.5,-5.5,53000000000,0.17,2018
2018-09-20 18:29:00.000000,67.3,75.1,,11.1,-5.6,-7.9,5.5,83000000000,0.26,2018
2018-09-17 01:08:00.000000,6.8,27.8,,,,,,150000000000,0.43,2018
2018-09-13 00:51:00.000000,42.5,50.1,,,,,,42000000000,0.14,2018
2018-08-27 04:36:00.000000,1.7,141.4,33.0,16.1,9.8,-9.6,-8.4,24000000000,0.09,2018
2018-08-21 12:26:00.000000,39.2,162.9,37.0,,,,,22000000000,0.08,2018
2018-07-27 09:35:00.000000,58.8,105.8,32.0,,,,,105000000000,0.32,2018
2018-07-25 21:55:00.000000,76.9,69.0,43.3,24.4,20.4,12.9,-3.8,877000000000,2.1,2018
2018-07-17 15:17:00.000000,82.5,136.7,,,,,,211000000000,0.59,2018
2018-06-26 17:51:00.000000,32.0,12.1,63.0,14.1,-10.0,-1.0,-9.9,29000000000,0.1,2018
2018-06-21 01:16:00.000000,52.8,38.1,27.2,14.4,-8.9,-4.3,-10.5,1220000000000,2.8,2018
2018-06-02 16:44:00.000000,21.2,23.3,28.7,16.9,0.9,-16.4,3.9,375000000000,0.98,2018
2018-05-12 03:26:00.000000,6.5,173.7,34.0,,,,,193000000000,0.54,2018
2018-05-08 02:27:00.000000,32.0,60.7,,,,,,73000000000,0.23,2018
2018-05-03 07:23:00.000000,46.9,7.5,39.0,11.5,1.3,-2.1,-11.2,38000000000,0.13,2018
2018-04-30 13:17:00.000000,45.5,1.4,34.0,13.1,8.7,-9.5,2.5,30000000000,0.1,2018
2018-04-21 12:06:00.000000,59.0,45.8,28.2,14.6,7.1,-4.6,11.9,36000000000,0.12,2018
2018-04-19 14:02:00.000000,7.5,3.6,30.0,20.9,-9.1,-2.5,18.6,72000000000,0.23,2018
2018-04-19 13:39:00.000000,22.2,72.6,31.5,10.9,-5.9,-9.1,1.4,512000000000,1.3,2018
2018-04-07 03:05:00.000000,72.4,78.7,31.5,,,,,86000000000,0.27,2018
2018-02-21 01:28:00.000000,13.5,37.1,31.5,13.1,-0.9,13.1,-0.4,71000000000,0.22,2018
2018-02-15 13:38:00.000000,43.8,1.1,50.7,,,,,27000000000,0.1,2018
2018-02-12 02:15:00.000000,15.9,58.9,,,,,,39000000000,0.13,2018
2018-02-08 22:21:00.000000,42.9,179.7,43.5,,,,,259000000000,0.7,2018
2018-02-01 12:21:00.000000,19.4,104.3,37.0,16.5,8.1,-8.4,-11.7,190000000000,0.53,2018
2018-01-22 22:06:00.000000,14.0,17.4,,,,,,32000000000,0.11,2018
2018-01-15 02:18:00.000000,52.0,57.2,43.6,23.7,18.6,-12.1,8.4,199000000000,0.56,2018
2018-01-06 21:24:00.000000,55.8,52.5,26.0,21.0,0.8,2.2,-20.9,28000000000,0.1,2018
2018-01-06 18:24:00.000000,39.5,12.8,26.0,,,,,36000000000,0.12,2018
2017-12-31 09:36:00.000000,63.5,101.3,64.5,,,,,44000000000,0.15,2017
2017-12-29 12:47:00.000000,14.6,49.5,38.0,,,,,110000000000,0.33,2017
2017-12-28 17:45:00.000000,,,,,,,,114000000000,0.34,2017
2017-12-15 13:14:00.000000,60.2,170.0,20.0,31.4,27.8,-4.7,-13.9,3110000000000,6.4,2017
2017-11-19 04:17:00.000000,24.2,135.0,33.3,11.4,6.7,-3.4,8.6,28000000000,0.1,2017
2017-10-26 22:05:00.000000,21.3,177.6,42.5,,,,,558000000000,1.4,2017
2017-10-23 15:31:00.000000,28.8,44.6,35.4,16.7,-5.7,-10.7,-11.5,24000000000,0.09,2017
2017-10-15 04:33:00.000000,65.2,128.2,24.1,15.9,9.5,-8.3,9.7,33000000000,0.11,2017
2017-10-09 12:51:00.000000,18.3,64.1,,,,,,30000000000,0.1,2017
2017-10-04 12:07:00.000000,28.1,99.4,37.0,14.6,-8.5,-9.0,7.8,192000000000,0.54,2017
2017-09-05 05:11:00.000000,49.3,116.9,36.0,14.7,12.7,-6.1,-4.2,38000000000,0.13,2017
2017-07-31 22:01:00.000000,24.7,118.5,,,,,,58000000000,0.19,2017
2017-07-23 06:12:00.000000,6.6,69.7,38.0,17.2,-0.4,8.7,-14.8,35000000000,0.12,2017
2017-07-13 09:30:00.000000,23.1,60.7,35.0,13.7,-10.0,-6.5,-6.8,73000000000,0.23,2017
2017-06-30 14:26:00.000000,34.3,134.5,20.0,15.2,10.9,-9.7,4.2,94000000000,0.29,2017
2017-06-23 20:21:00.000000,57.0,143.7,35.1,24.3,17.7,13.1,-10.3,184000000000,0.52,2017
2017-06-20 13:41:00.000000,54.2,133.0,33.3,13.6,8.7,-5.7,8.8,636000000000,1.6,2017
2017-05-24 07:03:00.000000,9.1,101.8,46.0,18.4,-6.5,-16.5,-5.0,90000000000,0.28,2017
2017-05-22 17:44:00.000000,49.6,157.6,33.0,,,,,35000000000,0.12,2017
2017-05-14 09:30:00.000000,26.0,32.4,33.0,,,,,35000000000,0.12,2017
2017-04-30 21:28:00.000000,25.7,56.2,32.4,21.5,-13.4,-14.2,8.9,150000000000,0.43,2017
2017-03-11 04:51:00.000000,28.3,60.2,28.0,,,,,1260000000000,2.9,2017
2017-03-09 04:16:00.000000,40.5,18.0,23.0,36.5,-15.3,25.8,-20.8,400000000000,1.0,2017
2017-03-08 22:21:00.000000,26.1,174.9,37.0,,,,,72000000000,0.23,2017
2017-02-25 01:22:00.000000,29.5,13.5,25.4,12.2,-7.6,-9.3,2.2,65000000000,0.21,2017
2017-02-22 18:47:00.000000,50.7,66.0,,,,,,38000000000,0.13,2017
2017-02-18 19:48:00.000000,6.2,60.4,38.0,24.2,-6.6,-22.7,-5.3,295000000000,0.79,2017
2017-02-07 17:37:00.000000,27.4,14.8,54.0,,,,,20000000000,0.07,2017
2017-02-06 06:09:00.000000,10.4,131.6,33.5,,,,,66000000000,0.21,2017
2016-12-23 03:29:00.000000,21.3,49.3,42.0,29.7,-22.4,16.4,-10.5,38000000000,0.13,2016
2016-12-07 04:51:00.000000,34.5,126.6,,,,,,117000000000,0.35,2016
2016-11-29 08:05:00.000000,30.6,93.1,,,,,,31000000000,0.11,2016
2016-11-24 14:10:00.000000,15.2,80.3,30.6,17.4,9.1,-11.2,9.7,138000000000,0.4,2016
2016-11-03 17:14:00.000000,39.6,16.3,37.0,,,,,76000000000,0.24,2016
2016-10-01 20:23:00.000000,36.2,6.7,27.8,14.2,-10.0,3.9,-9.3,31000000000,0.11,2016
2016-09-22 04:57:00.000000,51.8,178.5,40.0,17.5,-2.5,-3.3,17.0,71000000000,0.22,2016
2016-09-14 15:01:00.000000,3.5,44.6,54.0,18.3,3.5,-16.2,7.7,76000000000,0.24,2016
2016-08-27 21:45:00.000000,56.9,162.2,42.0,,,,,142000000000,0.41,2016
2016-08-11 05:59:00.000000,43.7,53.8,34.3,14.9,-0.7,-11.4,9.6,184000000000,0.52,2016
2016-08-05 18:02:00.000000,46.4,171.6,32.4,,,,,121000000000,0.36,2016
2016-07-21 00:48:00.000000,7.8,1.6,37.0,,,,,45000000000,0.15,2016
2016-07-05 01:24:00.000000,1.0,48.6,38.2,25.1,-10.3,-2.0,-22.8,153000000000,0.44,2016
2016-06-27 10:02:00.000000,15.8,11.9,33.3,29.1,-29.1,1.5,0.7,458000000000,1.2,2016
2016-06-05 06:12:00.000000,17.4,138.3,28.7,14.5,6.0,-11.9,5.7,331000000000,0.87,2016
2016-06-02 10:56:00.000000,33.8,110.9,,,,,,172000000000,0.49,2016
2016-05-29 12:14:00.000000,10.2,48.8,32.0,,,,,69000000000,0.22,2016
2016-05-20 11:59:00.000000,32.8,15.1,30.6,20.8,5.4,-9.9,17.5,20000000000,0.07,2016
2016-05-16 10:09:00.000000,3.2,6.6,41.7,12.2,-6.7,-3.3,-9.6,519000000000,1.3,2016
2016-05-13 00:34:00.000000,26.2,122.3,33.0,,,,,101000000000,0.31,2016
2016-04-24 05:39:00.000000,9.8,42.8,50.0,,,,,146000000000,0.42,2016
2016-04-18 11:59:00.000000,20.7,14.5,31.5,17.1,-3.5,2.2,-16.6,224000000000,0.62,2016
2016-04-12 09:51:00.000000,38.3,162.2,,,,,,20000000000,0.07,2016
2016-04-10 14:57:00.000000,22.0,149.0,35.2,15.1,4.7,-12.9,-6.4,655000000000,1.6,2016
2016-03-16 23:54:00.000000,49.2,6.3,42.0,13.3,-7.6,9.1,6.0,32000000000,0.11,2016
2016-03-03 01:32:00.000000,48.0,51.0,31.8,11.7,4.8,-7.1,7.9,58000000000,0.19,2016
2016-02-23 03:59:00.000000,32.3,67.2,44.0,17.9,-8.5,-1.6,-15.7,35000000000,0.12,2016
2016-02-21 05:58:00.000000,36.5,37.2,32.0,,,,,369000000000,0.96,2016
2016-02-19 08:15:00.000000,0.7,11.6,39.4,15.5,-14.9,-0.5,4.1,202000000000,0.56,2016
2016-02-13 00:10:00.000000,3.1,117.9,,,,,,51000000000,0.17,2016
2016-02-06 13:55:00.000000,30.4,25.5,31.0,15.6,2.7,14.5,5.0,6850000000000,13.0,2016
2016-01-27 09:59:00.000000,45.8,53.6,37.0,11.5,-10.0,-4.4,3.6,50000000000,0.16,2016
2016-01-21 16:44:00.000000,10.8,0.7,42.5,18.1,-3.8,-17.7,-1.2,46000000000,0.15,2016
2015-12-30 13:07:00.000000,33.8,160.7,39.0,,,,,22000000000,0.08,2015
2015-12-21 02:32:00.000000,5.9,143.0,42.2,12.1,6.4,-10.0,2.5,83000000000,0.26,2015
2015-12-08 00:34:00.000000,69.9,150.5,38.0,,,,,197000000000,0.55,2015
2015-11-13 14:59:00.000000,16.0,124.3,28.0,,,,,102000000000,0.31,2015
2015-11-02 21:34:00.000000,41.4,33.0,37.0,,,,,78000000000,0.24,2015
2015-10-31 11:34:00.000000,9.0,138.0,71.0,,,,,97000000000,0.29,2015
2015-10-30 07:07:00.000000,85.0,161.7,,,,,,180000000000,0.51,2015
2015-10-13 12:23:00.000000,8.0,52.5,38.9,12.9,-6.6,3.8,10.4,23000000000,0.08,2015
2015-10-11 00:07:00.000000,55.4,18.8,,,,,,30000000000,0.1,2015
2015-10-10 09:57:00.000000,51.0,21.1,51.8,11.8,-1.3,-5.1,10.6,36000000000,0.12,2015
2015-10-04 21:02:00.000000,22.0,171.6,36.1,,,,,44000000000,0.15,2015
2015-09-17 21:03:00.000000,43.1,94.9,,,,,,98000000000,0.3,2015
2015-09-14 23:50:00.000000,5.8,15.2,,,,,,70000000000,0.22,2015
2015-09-08 13:46:00.000000,6.3,29.9,44.4,16.1,-11.5,-11.3,-0.9,20000000000,0.07,2015
2015-09-07 01:41:00.000000,14.5,98.9,29.3,21.0,16.8,-12.0,-3.8,1800000000000,3.9,2015
2015-09-02 20:10:00.000000,39.1,40.2,39.8,24.1,10.3,-12.2,-18.0,37000000000,0.13,2015
2015-08-04 10:24:00.000000,9.6,125.9,,,,,,29000000000,0.1,2015
2015-07-19 07:06:00.000000,20.6,87.6,22.0,17.8,9.4,13.0,7.8,23000000000,0.08,2015
2015-07-12 22:23:00.000000,31.0,159.6,41.0,,,,,22000000000,0.08,2015
2015-07-04 01:40:00.000000,38.6,103.1,46.3,49.0,0.9,-40.4,-27.7,56000000000,0.18,2015
2015-06-14 03:03:00.000000,6.3,124.1,32.4,31.9,-4.7,-17.8,-26.0,71000000000,0.22,2015
2015-06-12 17:03:00.000000,1.3,32.1,43.5,,,,,176000000000,0.5,2015
2015-06-10 17:43:00.000000,11.5,161.9,61.1,,,,,384000000000,1.0,2015
2015-06-02 08:44:00.000000,6.4,142.7,,,,,,380000000000,0.99,2015
2015-05-20 10:20:00.000000,1.0,172.6,32.4,,,,,36000000000,0.12,2015
2015-05-18 17:13:00.000000,32.4,139.1,29.0,,,,,43000000000,0.14,2015
2015-05-10 07:45:00.000000,46.3,179.3,29.6,12.2,11.2,0.9,4.7,143000000000,0.42,2015
2015-05-07 20:34:00.000000,21.5,29.3,37.0,17.3,-16.2,-5.8,1.4,52000000000,0.17,2015
2015-04-30 10:21:00.000000,48.7,139.1,26.7,12.9,12.2,-4.2,0.9,105000000000,0.32,2015
2015-04-21 01:42:00.000000,37.7,39.6,37.4,21.3,-15.3,12.8,7.4,88000000000,0.27,2015
2015-04-10 01:14:00.000000,42.8,8.2,,,,,,65000000000,0.21,2015
2015-04-08 04:06:00.000000,25.5,51.5,36.3,19.2,8.0,-15.6,-7.9,173000000000,0.49,2015
2015-04-03 01:39:00.000000,8.4,157.9,,,,,,42000000000,0.14,2015
2015-03-30 21:33:00.000000,36.1,5.5,33.1,13.8,-13.7,-1.7,0.8,64000000000,0.2,2015
2015-03-18 00:04:00.000000,5.4,159.3,50.0,,,,,121000000000,0.36,2015
2015-03-11 06:18:00.000000,8.0,119.1,35.2,19.9,5.5,-10.5,-16.0,72000000000,0.23,2015
2015-03-08 04:26:00.000000,39.1,118.6,,,,,,20000000000,0.07,2015
2015-03-04 04:30:00.000000,15.9,88.1,39.8,18.0,7.8,-16.0,-2.5,55000000000,0.18,2015
2015-02-26 22:06:00.000000,68.0,149.0,33.7,21.1,5.6,-2.3,-20.2,188000000000,0.53,2015
2015-02-25 10:53:00.000000,12.4,122.4,42.0,,,,,58000000000,0.19,2015
2015-02-17 13:19:00.000000,8.0,11.2,39.0,28.8,-28.2,3.4,4.6,33000000000,0.11,2015
2015-01-09 17:31:00.000000,23.3,49.2,,,,,,22000000000,0.08,2015
2015-01-09 10:41:00.000000,2.0,28.8,36.0,17.5,-10.7,-7.6,11.6,139000000000,0.41,2015
2015-01-07 01:05:00.000000,45.7,26.9,45.5,35.7,-35.4,1.8,-4.4,136000000000,0.4,2015
2015-01-02 13:39:00.000000,31.1,140.0,38.1,18.1,4.5,-14.4,-10.0,20000000000,0.07,2015
2014-12-13 02:53:00.000000,86.7,162.1,30.7,21.7,15.3,-13.3,-7.8,44000000000,0.15,2014
2014-12-12 06:48:00.000000,33.5,144.9,26.3,12.0,11.5,-2.8,-2.2,33000000000,0.11,2014
2014-12-09 21:19:00.000000,76.6,96.3,26.3,,,,,78000000000,0.24,2014
2014-11-28 11:47:00.000000,45.8,172.7,26.1,13.4,0.4,-1.4,13.3,700000000000,1.7,2014
2014-11-27 12:12:00.000000,18.8,73.4,38.0,,,,,55000000000,0.18,2014
2014-11-26 23:16:00.000000,69.5,179.7,23.3,25.3,21.3,2.2,13.4,118000000000,0.35,2014
2014-11-26 17:40:00.000000,68.2,24.0,37.0,19.9,-7.0,16.1,9.4,105000000000,0.32,2014
2014-11-04 20:13:00.000000,43.1,115.8,22.2,16.0,-7.2,-12.1,-7.7,156000000000,0.45,2014
2014-10-21 18:55:00.000000,22.2,132.9,,,,,,34000000000,0.12,2014
2014-10-17 14:07:00.000000,4.6,66.3,39.0,,,,,72000000000,0.23,2014
2014-10-14 10:25:00.000000,2.0,119.2,27.2,16.9,15.0,-6.9,-3.5,29000000000,0.1,2014
2014-10-06 20:02:00.000000,43.7,85.7,,,,,,39000000000,0.13,2014
2014-09-09 18:55:00.000000,3.2,137.2,32.5,,,,,28000000000,0.1,2014
2014-09-05 21:37:00.000000,22.7,150.0,,,,,,35000000000,0.12,2014
2014-08-29 23:15:00.000000,6.2,49.9,,,,,,26000000000,0.09,2014
2014-08-28 03:07:00.000000,3.2,45.4,,,,,,34000000000,0.12,2014
2014-08-23 06:29:00.000000,61.7,132.6,22.2,16.2,-2.3,5.7,16.5,3820000000000,7.6,2014
2014-07-29 07:38:00.000000,49.2,172.2,,,,,,73000000000,0.23,2014
2014-07-29 03:07:00.000000,33.9,115.9,,,,,,53000000000,0.17,2014
2014-06-28 02:40:00.000000,18.9,141.2,26.3,12.4,12.0,3.5,-10.5,245000000000,0.67,2014
2014-06-26 05:54:00.000000,71.5,93.4,28.5,11.2,7.0,2.9,8.3,61000000000,0.2,2014
2014-05-29 01:12:00.000000,21.9,131.1,28.7,,,,,58000000000,0.19,2014
2014-05-16 20:06:00.000000,39.4,95.9,30.8,18.0,2.9,13.4,-12.5,136000000000,0.4,2014
2014-05-16 12:42:00.000000,44.2,176.2,44.0,16.5,14.4,4.6,6.5,309000000000,0.82,2014
2014-05-08 19:42:00.000000,36.9,87.3,35.4,19.0,-2.0,-16.1,9.9,1050000000000,2.4,2014
2014-03-29 13:45:00.000000,28.7,121.5,30.7,16.3,10.0,-12.7,2.2,39000000000,0.13,2014
2014-03-18 11:02:00.000000,0.0,111.8,30.5,,,,,540000000000,1.3,2014
2014-03-03 15:00:00.000000,29.0,94.9,,,,,,94000000000,0.29,2014
2014-02-18 12:50:00.000000,32.8,61.5,,,,,,26000000000,0.09,2014
2014-02-13 06:47:00.000000,13.3,110.7,25.0,,,,,630000000000,1.5,2014
2014-01-15 02:46:00.000000,18.5,141.8,29.6,,,,,140000000000,0.41,2014
2014-01-12 16:00:00.000000,2.9,64.4,37.0,16.2,-5.2,-15.1,2.6,78000000000,0.24,2014
2014-01-08 17:05:00.000000,1.3,147.6,18.7,44.8,-3.4,-43.5,-10.3,31000000000,0.11,2014
2013-12-23 08:30:00.000000,39.5,2.0,34.3,15.1,-1.1,11.4,-9.9,147000000000,0.43,2013
2013-12-08 03:10:00.000000,32.8,165.1,23.5,11.8,2.3,2.5,-11.3,64000000000,0.2,2013
2013-11-21 01:50:00.000000,44.7,35.3,59.3,12.4,-5.0,-11.0,-2.7,75000000000,0.23,2013
2013-10-12 16:06:00.000000,19.1,25.0,22.2,12.8,-8.0,8.4,-5.5,1610000000000,3.5,2013
2013-10-09 17:27:00.000000,,,,,,,,60000000000,0.19,2013
2013-09-24 15:31:00.000000,10.3,164.7,40.7,,,,,160000000000,0.46,2013
2013-08-12 18:08:00.000000,34.4,118.2,66.6,,,,,44000000000,0.15,2013
2013-07-31 07:00:00.000000,,,,,,,,39000000000,0.13,2013
2013-07-31 03:50:00.000000,31.8,137.1,29.1,17.8,17.7,-2.3,-0.1,69000000000,0.22,2013
2013-07-30 02:36:00.000000,50.2,90.2,25.6,18.8,15.9,-8.6,5.1,390000000000,1.0,2013
2013-07-27 08:30:00.000000,0.3,156.2,26.5,22.1,16.0,14.9,-3.3,120000000000,0.36,2013
2013-07-26 11:32:00.000000,21.0,178.5,37.0,,,,,20000000000,0.07,2013
2013-07-18 00:46:00.000000,,,,,,,,22000000000,0.08,2013
2013-06-13 02:51:00.000000,,,,,,,,22000000000,0.08,2013
2013-06-01 22:49:00.000000,65.6,138.4,28.9,,,,,34000000000,0.12,2013
2013-05-14 23:20:00.000000,3.0,76.4,,,,,,20000000000,0.07,2013
2013-04-30 08:40:00.000000,35.5,30.7,21.2,12.1,1.0,9.0,-8.0,5110000000000,10.0,2013
2013-04-21 06:23:00.000000,28.1,64.6,40.7,14.9,5.0,14.0,1.0,1070000000000,2.5,2013
2013-03-12 10:32:00.000000,32.7,17.1,26.0,,,,,29000000000,0.1,2013
2013-02-20 13:13:00.000000,23.0,38.8,,13.6,-11.0,-8.0,-1.0,32000000000,0.1,2013
2013-02-15 03:20:00.000000,54.8,61.1,23.3,18.6,12.8,-13.3,-2.4,375000000000000,440.0,2013
2013-02-07 13:12:00.000000,18.8,158.6,,,,,,65000000000,0.21,2013
2013-01-25 07:40:00.000000,60.3,64.6,,,,,,3400000000000,6.9,2013
2013-01-12 03:04:00.000000,15.1,155.6,36.1,,,,,48000000000,0.16,2013
2012-12-30 07:25:00.000000,17.3,83.6,,,,,,198000000000,0.55,2012
2012-12-18 11:19:00.000000,,,,,,,,27000000000,0.1,2012
2012-11-20 20:37:00.000000,2.5,29.6,33.3,14.3,-12.2,-5.3,5.3,25000000000,0.09,2012
2012-11-20 06:25:00.000000,8.0,86.0,,,,,,120000000000,0.36,2012
2012-10-25 15:57:00.000000,,,,,,,,30000000000,0.1,2012
2012-10-19 16:26:00.000000,75.4,49.6,29.3,13.2,-2.3,-3.9,12.4,23000000000,0.08,2012
2012-10-09 00:54:00.000000,51.2,84.6,27.8,13.5,3.4,12.0,5.1,210000000000,0.58,2012
2012-10-03 22:50:00.000000,41.5,21.9,,17.0,-2.4,5.5,15.9,280000000000,0.75,2012
2012-10-02 16:38:00.000000,8.1,111.9,35.0,15.4,1.4,15.3,1.0,470000000000,1.2,2012
2012-09-28 05:44:00.000000,6.9,73.7,,,,,,38000000000,0.13,2012
2012-09-18 19:34:00.000000,1.2,52.2,28.1,18.3,-1.9,14.1,-11.5,244000000000,0.67,2012
2012-09-11 22:07:00.000000,18.9,105.2,,,,,,52000000000,0.17,2012
2012-09-10 01:03:00.000000,69.8,111.7,23.8,16.9,-10.2,-5.2,12.4,23000000000,0.08,2012
2012-08-27 06:57:00.000000,18.3,64.2,38.7,28.9,-8.0,-23.7,-14.5,68000000000,0.22,2012
2012-08-26 14:55:00.000000,11.8,117.0,36.0,12.7,5.0,-11.6,-0.7,249000000000,0.68,2012
2012-08-13 05:31:00.000000,,,,,,,,33000000000,0.11,2012
2012-07-27 04:19:00.000000,63.1,172.3,27.2,,,,,34000000000,0.12,2012
2012-07-25 07:48:00.000000,36.4,41.5,26.8,18.5,0.8,2.0,-18.4,133000000000,0.39,2012
2012-06-05 07:44:00.000000,,,,,,,,24000000000,0.09,2012
2012-05-25 11:31:00.000000,41.8,36.2,,,,,,60000000000,0.19,2012
2012-05-22 08:31:00.000000,,,,,,,,211000000000,0.59,2012
2012-05-15 11:04:00.000000,61.8,135.5,33.3,17.1,-0.8,1.1,17.0,132000000000,0.39,2012
2012-05-04 21:54:00.000000,76.7,10.6,,,,,,229000000000,0.63,2012
2012-04-23 22:01:00.000000,36.2,107.4,25.2,,,,,44000000000,0.15,2012
2012-04-21 16:08:00.000000,15.8,174.8,,,,,,143000000000,0.42,2012
2012-04-19 22:12:00.000000,5.5,16.8,,,,,,30000000000,0.1,2012
2012-04-02 16:50:00.000000,28.1,95.2,,,,,,32000000000,0.11,2012
2012-03-12 06:40:00.000000,2.5,139.8,25.0,11.8,0.1,-11.8,0.3,99000000000,0.3,2012
2012-03-03 21:28:00.000000,7.8,2.7,20.4,,,,,101000000000,0.31,2012
2012-03-01 03:12:00.000000,46.9,29.8,,,,,,22000000000,0.08,2012
2012-02-24 19:11:00.000000,22.7,30.8,,,,,,37000000000,0.13,2012
2012-02-17 10:47:00.000000,3.2,39.9,45.6,,,,,154000000000,0.44,2012
2012-02-16 04:50:00.000000,9.8,151.8,,,,,,98000000000,0.3,2012
2012-02-12 05:25:00.000000,31.7,54.9,61.0,,,,,140000000000,0.41,2012
2012-02-04 14:42:00.000000,32.4,0.1,34.2,12.2,-3.9,10.9,4.0,150000000000,0.43,2012
2012-01-15 12:26:00.000000,64.1,109.9,26.3,12.3,-1.9,5.1,11.0,21000000000,0.08,2012
2012-01-11 02:23:00.000000,32.2,88.5,,,,,,85000000000,0.26,2012
2011-12-19 11:35:00.000000,30.2,52.6,36.1,,,,,135000000000,0.4,2011
2011-12-14 05:01:00.000000,62.9,89.6,32.4,,,,,50000000000,0.16,2011
2011-12-11 17:29:00.000000,,,,,,,,29000000000,0.1,2011
2011-11-20 05:25:00.000000,27.9,116.3,,,,,,23000000000,0.08,2011
2011-10-12 07:13:00.000000,26.4,78.4,,,,,,36000000000,0.12,2011
2011-09-13 23:36:00.000000,19.9,13.8,21.3,16.7,-3.7,1.8,16.2,67000000000,0.21,2011
2011-08-31 09:44:00.000000,18.6,5.1,,,,,,27000000000,0.1,2011
2011-08-20 20:01:00.000000,27.2,2.8,,,,,,23000000000,0.08,2011
2011-08-18 14:55:00.000000,,,,,,,,23000000000,0.08,2011
2011-08-11 02:56:00.000000,,,,,,,,35000000000,0.12,2011
2011-08-04 07:25:00.000000,40.7,86.7,63.0,,,,,28000000000,0.1,2011
2011-07-27 23:00:00.000000,45.3,63.5,29.6,,,,,44000000000,0.15,2011
2011-07-07 23:25:00.000000,,,,,,,,33000000000,0.11,2011
2011-07-05 15:42:00.000000,29.1,139.7,40.7,,,,,65000000000,0.21,2011
2011-07-04 09:18:00.000000,51.7,175.0,,,,,,29000000000,0.1,2011
2011-06-16 11:51:00.000000,67.3,21.4,40.5,,,,,24000000000,0.09,2011
2011-05-25 05:40:00.000000,4.1,14.0,59.0,11.6,-3.4,-10.8,2.4,2280000000000,4.8,2011
2011-05-16 13:39:00.000000,1.2,92.8,,,,,,20000000000,0.07,2011
2011-04-27 20:38:00.000000,1.4,126.6,28.7,,,,,220000000000,0.61,2011
2011-04-27 11:21:00.000000,,,,,,,,24000000000,0.09,2011
2011-04-17 11:21:00.000000,,,,,,,,24000000000,0.09,2011
2011-04-11 21:43:00.000000,,,,,,,,38000000000,0.13,2011
2011-04-06 08:30:00.000000,71.1,43.5,22.2,12.7,3.3,11.8,-3.5,148000000000,0.43,2011
2011-03-24 20:23:00.000000,0.6,127.5,59.0,,,,,58000000000,0.19,2011
2011-03-23 04:24:00.000000,,,,,,,,31000000000,0.11,2011
2011-03-23 04:16:00.000000,16.8,85.6,,,,,,22000000000,0.08,2011
2011-03-01 10:37:00.000000,53.5,103.9,30.6,11.9,-6.7,-1.1,-9.8,37000000000,0.13,2011
2011-02-21 05:07:00.000000,26.3,43.7,44.4,18.0,10.3,-14.8,0.1,39000000000,0.13,2011
2011-02-12 11:00:00.000000,7.8,95.3,,,,,,20000000000,0.07,2011
2011-01-21 15:11:00.000000,18.9,44.6,61.0,,,,,72000000000,0.23,2011
2011-01-08 19:38:00.000000,33.3,125.8,48.0,,,,,29000000000,0.1,2011
2010-12-25 23:24:00.000000,38.0,158.0,26.0,18.1,18.0,-2.0,-4.0,20000000000000,33.0,2010
2010-12-14 00:27:00.000000,4.9,175.5,24.0,,,,,39000000000,0.13,2010
2010-12-09 02:54:00.000000,54.5,169.7,66.0,,,,,63000000000,0.2,2010
2010-12-01 06:31:00.000000,72.5,144.9,33.3,,,,,133000000000,0.39,2010
2010-11-21 14:45:00.000000,1.9,143.3,50.0,,,,,81000000000,0.25,2010
2010-11-19 07:25:00.000000,10.3,148.8,30.0,,,,,33000000000,0.11,2010
2010-11-10 08:26:00.000000,74.5,77.7,,,,,,68000000000,0.22,2010
2010-11-09 13:05:00.000000,56.3,16.7,37.0,,,,,86000000000,0.27,2010
2010-11-09 06:56:00.000000,14.0,160.0,26.0,,,,,20000000000,0.07,2010
2010-10-27 11:27:00.000000,14.1,67.7,35.2,,,,,145000000000,0.42,2010
2010-10-08 09:58:00.000000,,,,,,,,20000000000,0.07,2010
2010-09-24 12:02:00.000000,67.4,50.6,,,,,,50000000000,0.16,2010
2010-09-18 05:04:00.000000,7.4,36.7,,,,,,67000000000,0.21,2010
2010-09-08 19:51:00.000000,13.9,65.5,46.3,,,,,65000000000,0.21,2010
2010-09-05 23:37:00.000000,25.9,49.0,35.2,,,,,683000000000,1.7,2010
2010-09-03 12:04:00.000000,61.0,146.7,33.3,12.3,9.8,-3.5,6.5,1750000000000,3.8,2010
2010-08-17 04:19:00.000000,20.7,114.3,33.3,,,,,21000000000,0.08,2010
2010-08-12 02:59:00.000000,,,,,,,,28000000000,0.1,2010
2010-08-05 19:31:00.000000,21.5,46.6,,,,,,36000000000,0.12,2010
2010-07-15 01:49:00.000000,60.9,178.1,,,,,,24000000000,0.09,2010
2010-07-06 23:54:00.000000,34.1,174.5,26.0,15.7,12.1,10.0,0.2,7560000000000,14.0,2010
2010-06-26 06:04:00.000000,0.5,133.2,50.0,,,,,113000000000,0.34,2010
2010-06-21 06:42:00.000000,22.5,120.9,,,,,,163000000000,0.47,2010
2010-06-17 04:24:00.000000,26.1,100.0,42.0,,,,,119000000000,0.35,2010
2010-04-17 02:21:00.000000,13.1,173.0,,,,,,56000000000,0.18,2010
2010-04-16 04:38:00.000000,1.8,176.9,22.2,18.8,12.4,-13.2,-5.2,844000000000,2.0,2010
2010-04-06 18:33:00.000000,52.8,146.5,,,,,,80000000000,0.25,2010
2010-03-18 16:11:00.000000,32.4,51.8,,,,,,175000000000,0.5,2010
2010-03-15 15:55:00.000000,,,,,,,,80000000000,0.25,2010
2010-03-14 18:44:00.000000,33.8,90.2,35.6,,,,,42000000000,0.14,2010
2010-03-08 22:44:00.000000,18.2,110.1,53.0,,,,,30000000000,0.1,2010
2010-03-08 22:02:00.000000,32.0,92.9,52.0,24.5,19.1,11.0,10.7,323000000000,0.85,2010
2010-02-28 22:24:00.000000,48.7,21.0,37.0,15.1,-11.7,2.7,-9.1,153000000000,0.44,2010
2010-02-26 22:46:00.000000,37.3,166.0,,,,,,237000000000,0.65,2010
2010-02-24 19:55:00.000000,2.6,102.2,,,,,,93000000000,0.28,2010
2010-01-15 19:17:00.000000,8.3,27.0,25.0,14.0,-9.1,6.0,8.8,492000000000,1.2,2010
2009-12-31 16:24:00.000000,,,,,,,,83000000000,0.26,2009
2009-12-31 12:50:00.000000,37.9,178.3,20.7,,,,,102000000000,0.31,2009
2009-11-25 01:36:00.000000,52.8,136.5,,,,,,64000000000,0.2,2009
2009-11-21 20:53:00.000000,22.0,29.2,38.0,32.1,3.0,-17.0,27.0,10000000000000,18.0,2009
2009-11-18 17:36:00.000000,,,,,,,,85000000000,0.26,2009
2009-11-18 07:07:00.000000,40.4,113.2,31.5,,,,,736000000000,1.8,2009
2009-11-14 19:58:00.000000,,,,,,,,23000000000,0.08,2009
2009-11-07 11:31:00.000000,45.5,157.7,,,,,,22000000000,0.08,2009
2009-11-07 10:41:00.000000,24.0,64.1,37.0,,,,,42000000000,0.14,2009
2009-10-11 12:49:00.000000,78.3,70.2,27.8,,,,,71000000000,0.22,2009
2009-10-08 02:57:00.000000,4.2,120.6,19.1,19.2,14.0,-16.0,-6.0,20000000000000,33.0,2009
2009-09-27 22:22:00.000000,36.0,67.6,37.0,,,,,89000000000,0.27,2009
2009-09-18 20:13:00.000000,7.7,29.5,,,,,,144000000000,0.42,2009
2009-09-04 02:23:00.000000,42.5,110.0,28.3,24.0,19.2,-11.6,-8.5,965000000000,2.3,2009
2009-08-23 21:17:00.000000,67.7,18.3,34.0,12.2,-6.9,5.3,8.5,280000000000,0.75,2009
2009-07-31 02:13:00.000000,8.9,121.9,,,,,,25000000000,0.09,2009
2009-07-16 06:39:00.000000,24.4,59.8,32.2,,,,,727000000000,1.8,2009
2009-07-03 04:02:00.000000,,,,,,,,27000000000,0.1,2009
2009-06-27 13:08:00.000000,26.6,12.6,26.1,15.2,-11.6,1.6,9.7,32000000000,0.11,2009
2009-06-20 11:04:00.000000,,,,,,,,27000000000,0.1,2009
2009-06-18 04:39:00.000000,23.7,16.0,57.4,,,,,33000000000,0.11,2009
2009-06-09 22:42:00.000000,54.9,152.7,34.2,,,,,281000000000,0.76,2009
2009-05-31 06:05:00.000000,19.7,121.0,,,,,,143000000000,0.42,2009
2009-05-13 20:20:00.000000,,,,,,,,73000000000,0.23,2009
2009-05-04 11:39:00.000000,36.4,160.4,40.7,,,,,140000000000,0.41,2009
2009-04-20 04:01:00.000000,6.0,84.3,,,,,,22000000000,0.08,2009
2009-04-10 18:42:00.000000,44.7,25.7,32.4,19.1,-18.9,2.6,0.3,270000000000,0.73,2009
2009-03-15 05:44:00.000000,21.7,98.6,,,,,,32000000000,0.11,2009
2009-03-04 00:38:00.000000,,,,,,,,170000000000,0.48,2009
2009-03-01 09:00:00.000000,,,,,,,,20000000000,0.07,2009
2009-02-20 12:15:00.000000,64.9,70.0,,,,,,50000000000,0.16,2009
2009-02-07 19:51:00.000000,56.6,69.8,40.0,15.4,-2.4,-1.9,-15.1,1600000000000,3.5,2009
2009-01-12 22:24:00.000000,47.8,44.3,,,,,,48000000000,0.16,2009
2009-01-10 07:42:00.000000,64.0,122.8,26.5,,,,,23000000000,0.08,2009
2008-12-24 15:51:00.000000,68.9,102.0,21.1,24.1,-13.4,18.0,8.8,35000000000,0.12,2008
2008-12-12 11:36:00.000000,7.0,9.7,50.0,,,,,216000000000,0.6,2008
2008-12-09 06:08:00.000000,,,,,,,,34000000000,0.12,2008
2008-11-24 22:01:00.000000,57.9,146.1,34.8,23.7,21.5,10.0,0.4,146000000000,0.42,2008
2008-11-21 00:26:00.000000,53.1,109.9,28.2,12.9,3.9,-4.1,-11.6,142000000000,0.41,2008
2008-11-18 09:41:00.000000,29.4,75.9,35.2,22.4,-4.0,-15.2,-16.0,25000000000,0.09,2008
2008-11-09 02:38:00.000000,14.5,112.7,29.6,,,,,222000000000,0.61,2008
2008-10-21 02:20:00.000000,32.8,165.6,29.6,11.3,9.6,5.8,1.5,46000000000,0.15,2008
2008-10-10 09:34:00.000000,57.3,17.0,21.4,,,,,180000000000,0.51,2008
2008-10-07 02:45:00.000000,20.9,31.4,38.9,13.3,-9.0,9.0,3.8,395000000000,1.0,2008
2008-09-09 09:49:00.000000,,,,,,,,59000000000,0.19,2008
2008-08-16 14:40:00.000000,11.3,97.2,,,,,,131000000000,0.38,2008
2008-08-12 11:44:00.000000,11.6,175.0,,,,,,20000000000,0.07,2008
2008-08-07 06:07:00.000000,18.5,180.0,45.4,13.8,6.5,-12.1,1.7,41000000000,0.14,2008
2008-07-23 14:45:00.000000,38.6,68.0,31.5,14.5,-7.7,-8.2,-9.1,121000000000,0.36,2008
2008-07-22 19:34:00.000000,17.8,89.2,54.4,,,,,61000000000,0.2,2008
2008-07-11 14:35:00.000000,,,,,,,,52000000000,0.17,2008
2008-07-08 15:55:00.000000,72.8,147.3,52.2,21.7,-12.9,1.9,-17.4,66000000000,0.21,2008
2008-07-01 17:40:00.000000,37.1,115.7,36.1,9.8,2.8,1.7,-9.2,36000000000,0.12,2008
2008-06-27 02:01:00.000000,26.9,17.7,33.7,23.1,-17.9,13.0,6.6,172000000000,0.49,2008
2008-06-18 13:45:00.000000,6.1,103.1,,,,,,21000000000,0.08,2008
2008-05-29 21:23:00.000000,15.7,83.5,,,,,,21000000000,0.08,2008
2008-05-24 10:18:00.000000,0.8,162.0,37.0,14.2,7.9,3.1,11.4,150000000000,0.43,2008
2008-05-22 20:50:00.000000,46.9,134.5,,,,,,21000000000,0.08,2008
2008-05-15 11:29:00.000000,28.0,41.5,,,,,,80000000000,0.25,2008
2008-05-06 01:08:00.000000,,,,,,,,57000000000,0.18,2008
2008-04-30 01:18:00.000000,33.6,35.1,,,,,,20000000000,0.07,2008
2008-04-07 01:22:00.000000,31.8,58.5,,,,,,21000000000,0.08,2008
2008-04-06 16:03:00.000000,,,,,,,,77000000000,0.24,2008
2008-03-15 11:29:00.000000,28.0,41.5,26.7,12.9,-4.1,4.8,-11.2,50000000000,0.16,2008
2008-02-24 19:33:00.000000,,,,,,,,74000000000,0.23,2008
2008-02-19 13:30:00.000000,48.9,119.8,,,,,,20000000000,0.07,2008
2008-02-18 08:51:00.000000,,,,,,,,50000000000,0.16,2008
2008-02-17 12:19:00.000000,74.9,73.4,40.4,13.9,-5.8,-10.7,-6.7,110000000000,0.33,2008
2008-02-16 08:38:00.000000,,,,,,,,71000000000,0.22,2008
2008-01-18 01:17:00.000000,,,,,,,,44000000000,0.15,2008
2008-01-09 03:53:00.000000,66.8,67.3,31.5,11.6,4.3,5.7,9.1,41000000000,0.14,2008
2007-12-26 06:46:00.000000,61.6,158.9,,,,,,136000000000,0.4,2007
2007-12-20 17:00:00.000000,51.3,115.4,,,,,,122000000000,0.36,2007
2007-10-25 19:35:00.000000,40.9,91.3,46.3,,,,,58000000000,0.19,2007
2007-10-12 09:14:00.000000,88.5,116.6,37.0,18.4,-4.5,-14.1,-10.9,33000000000,0.11,2007
2007-10-07 13:31:00.000000,35.2,125.6,,,,,,58000000000,0.19,2007
2007-09-22 17:57:00.000000,49.2,85.5,30.2,16.9,-9.2,13.6,3.8,237000000000,0.65,2007
2007-06-11 09:47:00.000000,23.4,170.9,35.2,17.0,16.7,-2.1,-2.2,49000000000,0.16,2007
2007-06-08 13:32:00.000000,52.0,175.3,38.9,,,,,235000000000,0.65,2007
2007-06-07 21:28:00.000000,21.9,53.1,29.6,,,,,31000000000,0.11,2007
2007-05-16 16:20:00.000000,4.5,111.7,,,,,,38000000000,0.13,2007
2007-05-16 04:45:00.000000,42.4,164.0,31.5,,,,,400000000000,1.0,2007
2007-05-04 17:52:00.000000,22.9,109.4,48.0,,,,,175000000000,0.5,2007
2007-04-18 12:44:00.000000,83.7,171.2,38.0,24.4,-5.3,-2.5,23.7,112000000000,0.33,2007
2007-04-16 14:56:00.000000,,,,,,,,24000000000,0.09,2007
2007-03-17 06:48:00.000000,7.1,4.1,32.5,14.5,-7.3,-1.9,-12.4,40000000000,0.13,2007
2007-03-15 02:20:00.000000,44.1,148.4,,,,,,25000000000,0.09,2007
2007-03-07 15:16:00.000000,,,,,,,,27000000000,0.1,2007
2007-02-02 12:48:00.000000,24.0,37.2,35.5,,,,,340000000000,0.89,2007
2007-01-26 22:22:00.000000,3.7,99.7,,,,,,147000000000,0.43,2007
2007-01-22 07:24:00.000000,45.4,53.5,32.0,13.4,-3.3,-12.8,-1.9,76000000000,0.24,2007
2007-01-18 13:51:00.000000,5.3,164.3,34.1,,,,,32000000000,0.11,2007
2007-01-17 09:50:00.000000,8.7,50.8,33.3,,,,,548000000000,1.4,2007
2007-01-01 11:43:00.000000,44.4,116.5,53.0,,,,,36000000000,0.12,2007
2006-12-09 06:31:00.000000,26.2,26.0,26.5,15.9,4.9,-15.0,1.6,7410000000000,14.0,2006
2006-12-07 11:42:00.000000,14.0,140.0,,,,,,21000000000,0.08,2006
2006-12-01 06:09:00.000000,13.0,30.7,,,,,,63000000000,0.2,2006
2006-11-13 15:16:00.000000,44.0,43.3,,,,,,23000000000,0.08,2006
2006-10-24 08:42:00.000000,1.9,2.7,43.0,,,,,225000000000,0.62,2006
2006-10-14 18:10:00.000000,49.4,175.0,44.4,23.9,4.9,23.4,-1.0,258000000000,0.7,2006
2006-10-09 04:45:00.000000,47.0,78.9,22.2,,,,,41000000000,0.14,2006
2006-10-07 12:18:00.000000,23.0,61.8,40.7,,,,,41000000000,0.14,2006
2006-10-02 19:10:00.000000,14.0,53.1,42.0,,,,,90000000000,0.28,2006
2006-09-27 08:33:00.000000,32.0,60.2,48.1,,,,,107000000000,0.32,2006
2006-09-23 18:52:00.000000,29.0,108.0,,,,,,121000000000,0.36,2006
2006-09-02 17:57:00.000000,,,,,,,,22000000000,0.08,2006
2006-09-02 04:26:00.000000,14.0,109.1,44.1,14.2,10.0,-9.9,1.5,1230000000000,2.8,2006
2006-08-29 01:38:00.000000,44.0,162.0,40.7,,,,,92000000000,0.28,2006
2006-08-18 00:03:00.000000,43.0,33.4,47.2,,,,,32000000000,0.11,2006
2006-08-17 10:43:00.000000,11.0,165.7,48.2,,,,,256000000000,0.7,2006
2006-08-15 10:52:00.000000,4.9,49.6,32.7,,,,,47000000000,0.16,2006
2006-08-09 04:30:00.000000,23.1,53.7,37.0,,,,,1020000000000,2.4,2006
2006-07-15 23:55:00.000000,78.3,5.0,29.6,12.4,0.1,2.0,12.2,85000000000,0.26,2006
2006-07-15 15:22:00.000000,31.1,45.6,38.9,30.2,9.2,-1.2,-28.7,163000000000,0.47,2006
2006-06-07 00:06:00.000000,69.2,22.5,40.7,19.6,6.1,4.6,-18.0,59000000000,0.19,2006
2006-05-28 01:32:00.000000,,,,,,,,26000000000,0.09,2006
2006-05-21 07:51:00.000000,11.6,25.5,,,,,,263000000000,0.71,2006
2006-05-07 17:45:00.000000,,,,,,,,30000000000,0.1,2006
2006-05-06 15:39:00.000000,60.2,152.3,35.2,,,,,128000000000,0.38,2006
2006-04-25 18:46:00.000000,,,,,,,,20000000000,0.07,2006
2006-04-08 13:16:00.000000,17.3,113.2,33.3,,,,,127000000000,0.37,2006
2006-04-04 11:30:00.000000,26.6,26.6,25.0,,,,,2400000000000,5.0,2006
2006-03-14 03:21:00.000000,7.0,64.6,35.2,,,,,144000000000,0.42,2006
2006-02-26 07:30:00.000000,,,,,,,,70000000000,0.22,2006
2006-02-06 01:57:00.000000,54.5,18.1,35.2,,,,,1190000000000,2.7,2006
2006-02-04 08:38:00.000000,36.9,143.6,38.9,19.8,-8.8,3.4,-17.4,100000000000,0.3,2006
2006-01-28 03:33:00.000000,51.7,56.4,37.0,18.7,8.4,-16.4,3.2,740000000000,1.8,2006
2006-01-27 01:27:00.000000,58.7,74.7,20.0,,,,,45000000000,0.15,2006
2006-01-26 00:00:00.000000,79.8,111.0,37.0,,,,,53000000000,0.17,2006
2006-01-10 23:25:00.000000,29.8,12.7,32.4,16.9,-9.9,-6.3,-12.2,28000000000,0.1,2006
2006-01-08 05:20:00.000000,7.6,28.2,,,,,,94000000000,0.29,2006
2005-12-29 10:05:00.000000,3.0,154.9,42.2,20.7,18.6,8.5,3.2,190000000000,0.53,2005
2005-12-24 15:30:00.000000,54.0,17.3,66.0,,,,,181000000000,0.51,2005
2005-12-03 12:45:00.000000,33.8,117.4,32.2,17.0,-12.1,-9.6,7.2,88000000000,0.27,2005
2005-12-01 10:40:00.000000,6.4,155.8,,,,,,32000000000,0.11,2005
2005-11-29 07:33:00.000000,7.6,58.2,59.3,,,,,32000000000,0.11,2005
2005-11-15 05:19:00.000000,26.3,113.4,32.4,,,,,25000000000,0.09,2005
2005-11-11 20:34:00.000000,21.4,134.1,29.6,,,,,42000000000,0.14,2005
2005-11-09 07:33:00.000000,31.0,145.9,30.7,13.8,13.5,-2.7,-0.7,73000000000,0.23,2005
2005-11-02 07:04:00.000000,33.9,154.9,68.5,,,,,32000000000,0.11,2005
2005-11-02 05:16:00.000000,22.9,123.8,74.0,,,,,67000000000,0.21,2005
2005-10-26 21:30:00.000000,36.3,80.5,16.7,,,,,138000000000,0.4,2005
2005-09-30 19:04:00.000000,2.8,84.1,53.0,,,,,22000000000,0.08,2005
2005-09-14 01:08:00.000000,11.6,27.3,33.3,,,,,25000000000,0.09,2005
2005-09-02 07:59:00.000000,13.5,73.1,,,,,,82000000000,0.25,2005
2005-08-20 12:10:00.000000,,,,,,,,27000000000,0.1,2005
2005-08-09 14:35:00.000000,21.5,56.2,37.0,16.9,-16.3,4.3,1.4,25000000000,0.09,2005
2005-07-01 22:36:00.000000,49.8,33.1,50.0,,,,,31000000000,0.11,2005
2005-06-18 19:40:00.000000,47.9,85.6,,,,,,23000000000,0.08,2005
2005-06-05 01:56:00.000000,34.8,90.9,,,,,,41000000000,0.14,2005
2005-06-03 08:15:00.000000,31.0,90.3,29.6,26.2,-1.5,25.3,6.7,82000000000,0.25,2005
2005-05-27 14:12:00.000000,48.9,145.1,50.5,,,,,20000000000,0.07,2005
2005-05-14 13:02:00.000000,,,,,,,,129000000000,0.38,2005
2005-05-07 09:31:00.000000,75.8,163.7,15.2,16.6,9.6,-9.7,9.4,26000000000,0.09,2005
2005-05-02 20:10:00.000000,17.7,36.0,,,,,,46000000000,0.15,2005
2005-04-22 11:18:00.000000,20.9,36.7,37.0,,,,,22000000000,0.08,2005
2005-04-19 07:37:00.000000,50.2,146.4,38.5,16.8,9.3,13.8,2.5,232000000000,0.64,2005
2005-04-16 10:40:00.000000,,,,,,,,20000000000,0.07,2005
2005-04-15 06:54:00.000000,43.8,73.9,39.0,,,,,21000000000,0.08,2005
2005-04-14 14:05:00.000000,4.9,176.0,26.5,,,,,71000000000,0.22,2005
2005-04-11 05:20:00.000000,34.2,95.7,37.0,,,,,106000000000,0.32,2005
2005-04-06 01:30:00.000000,42.7,154.6,70.0,,,,,29000000000,0.1,2005
2005-04-05 17:48:00.000000,,,,,,,,35000000000,0.12,2005
2005-04-03 01:45:00.000000,1.0,112.4,59.2,,,,,219000000000,0.61,2005
2005-04-02 22:52:00.000000,14.1,169.7,27.2,,,,,204000000000,0.57,2005
2005-03-31 22:15:00.000000,42.8,36.2,,,,,,38000000000,0.13,2005
2005-03-18 16:48:00.000000,9.7,34.7,33.0,,,,,27000000000,0.1,2005
2005-03-12 22:16:00.000000,,,,,,,,22000000000,0.08,2005
2005-03-09 15:47:00.000000,21.4,157.9,44.4,,,,,53000000000,0.17,2005
2005-03-09 12:49:00.000000,14.3,142.7,30.7,,,,,40000000000,0.13,2005
2005-03-06 17:32:00.000000,,,,,,,,55000000000,0.18,2005
2005-02-22 22:51:00.000000,,,,,,,,41000000000,0.14,2005
2005-02-17 22:52:00.000000,48.0,161.5,42.5,,,,,100000000000,0.3,2005
2005-01-19 01:43:00.000000,27.5,164.9,40.7,,,,,141000000000,0.41,2005
2005-01-02 23:09:00.000000,21.3,154.7,35.2,21.5,20.2,-3.3,6.6,119000000000,0.35,2005
2005-01-01 03:44:00.000000,32.7,12.4,31.8,,,,,454000000000,1.2,2005
2004-12-29 07:11:00.000000,8.5,171.8,,,,,,90000000000,0.28,2004
2004-12-13 11:35:00.000000,9.7,155.3,,,,,,39000000000,0.13,2004
2004-12-11 15:36:00.000000,36.0,104.1,,,,,,30000000000,0.1,2004
2004-11-30 08:32:00.000000,61.0,171.0,,,,,,181000000000,0.51,2004
2004-11-17 03:13:00.000000,,,,,,,,186000000000,0.52,2004
2004-10-14 11:41:00.000000,,,,,,,,93000000000,0.28,2004
2004-10-10 11:05:00.000000,,,,,,,,30000000000,0.1,2004
2004-10-07 13:14:00.000000,27.3,71.5,35.0,19.2,-15.3,1.0,11.6,10400000000000,18.0,2004
2004-10-04 04:39:00.000000,3.7,150.9,,,,,,71000000000,0.22,2004
2004-09-28 08:57:00.000000,0.2,101.1,,,,,,62000000000,0.2,2004
2004-09-03 12:07:00.000000,67.7,18.2,31.5,,,,,7260000000000,13.0,2004
2004-08-22 10:01:00.000000,51.9,22.7,37.0,,,,,1440000000000,3.2,2004
2004-07-29 12:41:00.000000,,,,,,,,25000000000,0.09,2004
2004-07-25 05:29:00.000000,,,,,,,,197000000000,0.55,2004
2004-07-22 03:34:00.000000,,,,,,,,35000000000,0.12,2004
2004-07-16 00:11:00.000000,,,,,,,,29000000000,0.1,2004
2004-07-04 16:58:00.000000,,,,,,,,79000000000,0.25,2004
2004-07-03 20:47:00.000000,,,,,,,,65000000000,0.21,2004
2004-06-12 07:13:00.000000,21.7,175.3,,,,,,104000000000,0.31,2004
2004-06-11 15:41:00.000000,,,,,,,,104000000000,0.31,2004
2004-06-05 20:34:00.000000,1.3,174.4,43.0,19.5,9.4,17.0,-1.5,1810000000000,3.9,2004
2004-06-04 13:41:00.000000,,,,,,,,339000000000,0.89,2004
2004-06-03 21:59:00.000000,,,,,,,,47000000000,0.16,2004
2004-06-03 09:40:00.000000,48.9,120.4,,,,,,54000000000,0.18,2004
2004-05-18 11:12:00.000000,28.1,47.4,,,,,,394000000000,1.0,2004
2004-05-17 02:08:00.000000,18.9,28.3,44.0,,,,,55000000000,0.18,2004
2004-05-06 02:22:00.000000,,,,,,,,49000000000,0.16,2004
2004-04-23 00:33:00.000000,,,,,,,,56000000000,0.18,2004
2004-04-22 21:19:00.000000,15.2,55.1,,,,,,139000000000,0.41,2004
2004-04-22 04:21:00.000000,44.3,83.3,29.6,16.3,8.5,-12.1,-6.8,624000000000,1.5,2004
2004-04-06 03:24:00.000000,12.0,162.8,35.0,25.6,10.5,-23.2,-2.9,433000000000,1.1,2004
2004-03-26 16:35:00.000000,7.6,155.1,46.0,,,,,24000000000,0.09,2004
2004-03-25 09:39:00.000000,4.8,21.0,,,,,,21000000000,0.08,2004
2004-02-27 01:18:00.000000,,,,,,,,60000000000,0.19,2004
2004-02-02 18:52:00.000000,18.3,52.3,,,,,,30000000000,0.1,2004
2004-01-22 01:06:00.000000,50.6,157.8,37.0,,,,,232000000000,0.64,2004
2004-01-17 20:11:00.000000,,,,,,,,28000000000,0.1,2004
2004-01-16 11:17:00.000000,,,,,,,,98000000000,0.3,2004
2004-01-02 04:27:00.000000,28.2,3.2,63.0,,,,,134000000000,0.39,2004
2003-12-09 22:36:00.000000,67.1,90.8,,,,,,643000000000,1.6,2003
2003-11-26 02:00:00.000000,22.9,22.7,32.0,,,,,35000000000,0.12,2003
2003-11-10 13:54:00.000000,64.5,136.2,23.0,20.1,14.8,-8.7,10.4,518000000000,1.3,2003
2003-11-01 14:09:00.000000,51.4,151.7,,,,,,73000000000,0.23,2003
2003-10-16 00:47:00.000000,,,,,,,,285000000000,0.77,2003
2003-10-13 14:06:00.000000,,,,,,,,30000000000,0.1,2003
2003-10-07 00:23:00.000000,,,,,,,,37000000000,0.13,2003
2003-09-27 12:59:00.000000,21.0,86.6,26.0,18.2,-1.0,-5.4,-17.3,2150000000000,4.6,2003
2003-09-22 03:45:00.000000,,,,,,,,33000000000,0.11,2003
2003-09-21 07:40:00.000000,,,,,,,,20000000000,0.07,2003
2003-09-20 19:04:00.000000,,,,,,,,30000000000,0.1,2003
2003-09-02 20:00:00.000000,51.3,161.0,,,,,,385000000000,1.0,2003
2003-08-26 22:08:00.000000,,,,,,,,72000000000,0.23,2003
2003-08-26 08:44:00.000000,,,,,,,,249000000000,0.68,2003
2003-08-17 13:16:00.000000,39.0,34.0,,,,,,647000000000,1.6,2003
2003-08-01 04:09:00.000000,,,,,,,,21000000000,0.08,2003
2003-07-21 05:11:00.000000,,,,,,,,58000000000,0.19,2003
2003-06-22 22:53:00.000000,,,,,,,,21000000000,0.08,2003
2003-06-21 14:49:00.000000,,,,,,,,38000000000,0.13,2003
2003-06-16 17:17:00.000000,,,,,,,,65000000000,0.21,2003
2003-06-10 14:11:00.000000,41.8,122.9,,,,,,32000000000,0.11,2003
2003-05-27 23:32:00.000000,5.2,166.2,,,,,,68000000000,0.22,2003
2003-05-19 03:38:00.000000,,,,,,,,521000000000,1.3,2003
2003-05-18 07:51:00.000000,,,,,,,,21000000000,0.08,2003
2003-05-15 06:28:00.000000,54.0,80.4,,,,,,43000000000,0.14,2003
2003-04-28 13:06:00.000000,,,,,,,,23000000000,0.08,2003
2003-04-13 17:58:00.000000,14.8,64.5,17.0,,,,,175000000000,0.5,2003
2003-04-07 09:25:00.000000,18.4,162.6,,,,,,22000000000,0.08,2003
2003-04-01 04:40:00.000000,,,,,,,,31000000000,0.11,2003
2003-03-27 05:50:00.000000,41.4,87.7,45.0,,,,,142000000000,0.41,2003
2003-02-25 23:13:00.000000,40.0,116.0,,,,,,33000000000,0.11,2003
2003-02-12 23:45:00.000000,,,,,,,,79000000000,0.25,2003
2003-02-12 02:37:00.000000,31.5,107.5,,,,,,120000000000,0.36,2003
2003-02-06 17:00:00.000000,62.9,113.9,,,,,,197000000000,0.55,2003
2003-02-05 06:16:00.000000,,,,,,,,103000000000,0.31,2003
2003-02-04 14:07:00.000000,59.9,41.0,,,,,,135000000000,0.4,2003
2003-01-30 06:02:00.000000,,,,,,,,107000000000,0.32,2003
2002-11-28 15:41:00.000000,,,,,,,,46000000000,0.15,2002
2002-11-21 00:11:00.000000,1.4,154.0,,,,,,240000000000,0.66,2002
2002-11-12 21:49:00.000000,21.1,6.8,,,,,,43000000000,0.14,2002
2002-11-10 22:13:00.000000,16.0,166.0,,,,,,460000000000,1.2,2002
2002-10-09 12:00:00.000000,4.3,175.9,,,,,,49000000000,0.16,2002
2002-10-04 10:08:00.000000,,,,,,,,117000000000,0.35,2002
2002-09-24 16:48:00.000000,57.9,112.9,,,,,,860000000000,2.0,2002
2002-08-14 07:48:00.000000,6.9,126.2,,,,,,90000000000,0.28,2002
2002-08-11 20:42:00.000000,18.2,159.4,,,,,,1510000000000,3.3,2002
2002-08-10 18:01:00.000000,,,,,,,,25000000000,0.09,2002
2002-07-25 15:57:00.000000,28.7,47.0,,,,,,230000000000,0.63,2002
2002-07-22 11:16:00.000000,34.0,106.1,,,,,,53000000000,0.17,2002
2002-06-29 16:31:00.000000,,,,,,,,159000000000,0.46,2002
2002-06-15 11:51:00.000000,,,,,,,,29000000000,0.1,2002
2002-06-13 15:29:00.000000,24.9,111.4,,,,,,191000000000,0.54,2002
2002-06-02 04:28:00.000000,34.0,21.0,,,,,,4500000000000,8.8,2002
2002-04-03 19:10:00.000000,5.3,27.1,,,,,,182000000000,0.51,2002
2002-04-02 02:36:00.000000,,,,,,,,32000000000,0.11,2002
2002-03-28 21:29:00.000000,,,,,,,,27000000000,0.1,2002
2002-03-19 05:56:00.000000,,,,,,,,83000000000,0.26,2002
2002-03-19 02:56:00.000000,,,,,,,,53000000000,0.17,2002
2002-03-18 14:44:00.000000,60.4,120.5,,,,,,20000000000,0.07,2002
2002-03-09 01:20:00.000000,6.9,147.3,,,,,,249000000000,0.68,2002
2002-03-03 21:10:00.000000,37.5,154.0,,,,,,82000000000,0.25,2002
2002-03-01 03:53:00.000000,29.2,66.8,,,,,,38000000000,0.13,2002
2002-02-09 19:50:00.000000,17.7,138.7,,,,,,70000000000,0.22,2002
2002-02-01 19:07:00.000000,60.7,116.6,,,,,,70000000000,0.22,2002
2002-01-20 16:42:00.000000,48.4,165.0,,,,,,104000000000,0.31,2002
2002-01-03 12:19:00.000000,,,,,,,,123000000000,0.36,2002
2001-12-14 17:58:00.000000,,,,,,,,151000000000,0.44,2001
2001-12-12 16:56:00.000000,,,,,,,,98000000000,0.3,2001
2001-11-26 06:51:00.000000,,,,,,,,192000000000,0.54,2001
2001-11-13 10:58:00.000000,,,,,,,,312000000000,0.83,2001
2001-11-11 12:14:00.000000,,,,,,,,130000000000,0.38,2001
2001-10-27 19:20:00.000000,52.7,3.8,,,,,,36000000000,0.12,2001
2001-10-14 12:03:00.000000,,,,,,,,89000000000,0.27,2001
2001-10-12 03:11:00.000000,,,,,,,,62000000000,0.2,2001
2001-10-06 06:29:00.000000,,,,,,,,158000000000,0.45,2001
2001-09-25 11:54:00.000000,,,,,,,,42000000000,0.14,2001
2001-08-26 16:08:00.000000,,,,,,,,38000000000,0.13,2001
2001-08-18 13:57:00.000000,,,,,,,,40000000000,0.13,2001
2001-07-26 21:20:00.000000,0.4,84.8,,,,,,326000000000,0.86,2001
2001-07-23 22:19:00.000000,41.0,77.0,,,,,,1240000000000,2.8,2001
2001-05-06 04:30:00.000000,,,,,,,,50000000000,0.16,2001
2001-04-27 09:46:00.000000,,,,,,,,130000000000,0.38,2001
2001-04-23 06:12:00.000000,28.0,133.6,29.0,,,,,4600000000000,9.0,2001
2001-04-14 06:40:00.000000,,,,,,,,24000000000,0.09,2001
2001-04-13 00:29:00.000000,15.3,162.4,,,,,,251000000000,0.68,2001
2001-02-09 21:27:00.000000,,,,,,,,108000000000,0.32,2001
2001-02-04 05:53:00.000000,64.0,97.3,,,,,,151000000000,0.44,2001
2001-01-28 16:19:00.000000,66.0,31.3,,,,,,108000000000,0.32,2001
2000-12-15 13:22:00.000000,41.3,95.2,,,,,,262000000000,0.71,2000
2000-12-15 03:46:00.000000,50.4,58.9,,,,,,27000000000,0.1,2000
2000-11-28 12:20:00.000000,,,,,,,,119000000000,0.35,2000
2000-11-13 00:28:00.000000,13.6,5.8,,,,,,66000000000,0.21,2000
2000-11-06 07:18:00.000000,52.0,22.2,,,,,,69000000000,0.22,2000
2000-10-11 23:29:00.000000,31.7,5.5,,,,,,81000000000,0.25,2000
2000-09-24 06:57:00.000000,,,,,,,,27000000000,0.1,2000
2000-09-23 04:00:00.000000,58.5,142.6,,,,,,22000000000,0.08,2000
2000-09-19 22:12:00.000000,3.2,133.8,,,,,,89000000000,0.27,2000
2000-08-25 01:12:00.000000,14.5,106.1,,,,,,1390000000000,3.1,2000
2000-08-13 03:00:00.000000,36.7,127.8,,,,,,65000000000,0.21,2000
2000-08-01 16:48:00.000000,50.2,101.9,,,,,,182000000000,0.51,2000
2000-07-31 07:06:00.000000,15.7,138.5,,,,,,38000000000,0.13,2000
2000-07-19 17:40:00.000000,17.7,94.1,,,,,,107000000000,0.32,2000
2000-07-15 16:13:00.000000,46.6,163.3,,,,,,21000000000,0.08,2000
2000-07-09 01:08:00.000000,,,,,,,,121000000000,0.36,2000
2000-07-07 01:34:00.000000,15.0,140.7,,,,,,65000000000,0.21,2000
2000-06-27 10:06:00.000000,34.9,36.8,,,,,,27000000000,0.1,2000
2000-06-23 09:03:00.000000,69.2,44.0,,,,,,20000000000,0.07,2000
2000-06-22 20:02:00.000000,32.9,159.0,,,,,,30000000000,0.1,2000
2000-06-18 13:40:00.000000,,,,,,,,133000000000,0.39,2000
2000-06-14 16:39:00.000000,28.1,107.3,48.0,,,,,145000000000,0.42,2000
2000-06-04 03:17:00.000000,,,,,,,,190000000000,0.53,2000
2000-06-03 03:24:00.000000,36.8,74.8,,,,,,30000000000,0.1,2000
2000-06-02 18:44:00.000000,27.5,18.9,,,,,,30000000000,0.1,2000
2000-05-29 16:46:00.000000,,,,,,,,60000000000,0.19,2000
2000-05-06 11:51:00.000000,49.9,18.4,,,,,,28000000000,0.1,2000
2000-05-03 10:40:00.000000,5.0,73.0,,,,,,59000000000,0.19,2000
2000-04-21 13:42:00.000000,,,,,,,,86000000000,0.27,2000
2000-04-04 13:38:00.000000,,,,,,,,23000000000,0.08,2000
2000-03-28 15:27:00.000000,1.0,98.3,,,,,,63000000000,0.2,2000
2000-03-19 05:11:00.000000,,,,,,,,49000000000,0.16,2000
2000-03-06 08:29:00.000000,58.0,175.0,,,,,,960000000000,2.2,2000
2000-02-18 09:25:00.000000,0.9,109.2,,,,,,3620000000000,7.3,2000
2000-02-17 14:22:00.000000,14.2,115.9,,,,,,22000000000,0.08,2000
2000-01-18 16:43:00.000000,60.3,134.6,,,,,,1050000000000,2.4,2000
2000-01-18 08:33:00.000000,24.3,94.9,,,,,,35000000000,0.12,2000
1999-12-16 00:07:00.000000,26.5,11.3,,,,,,67000000000,0.21,1999
1999-12-11 17:31:00.000000,,,,,,,,273000000000,0.74,1999
1999-12-10 18:56:00.000000,,,,,,,,28000000000,0.1,1999
1999-12-03 17:24:00.000000,,,,,,,,42000000000,0.14,1999
1999-12-01 19:38:00.000000,,,,,,,,23000000000,0.08,1999
1999-11-30 02:18:00.000000,,,,,,,,45000000000,0.15,1999
1999-11-15 20:01:00.000000,8.1,75.4,,,,,,74000000000,0.23,1999
1999-11-07 17:53:00.000000,2.3,77.4,,,,,,89000000000,0.27,1999
1999-10-26 17:19:00.000000,13.7,70.8,,,,,,86000000000,0.27,1999
1999-09-08 23:55:00.000000,22.4,0.2,,,,,,28000000000,0.1,1999
1999-09-08 14:41:00.000000,32.5,104.6,32.0,,,,,90000000000,0.28,1999
1999-08-16 05:18:00.000000,35.0,107.2,,,,,,36000000000,0.12,1999
1999-08-06 03:22:00.000000,,,,,,,,68000000000,0.22,1999
1999-08-03 18:25:00.000000,64.7,18.8,,,,,,356000000000,0.93,1999
1999-07-10 08:11:00.000000,37.8,39.6,52.0,,,,,326000000000,0.86,1999
1999-07-07 04:14:00.000000,39.5,174.4,,,,,,140000000000,0.41,1999
1999-06-25 06:27:00.000000,50.0,121.0,69.0,,,,,124000000000,0.37,1999
1999-05-23 07:02:00.000000,16.4,116.3,,,,,,26000000000,0.09,1999
1999-04-26 11:33:00.000000,22.5,6.5,,,,,,92000000000,0.28,1999
1999-04-26 09:49:00.000000,32.8,159.1,,,,,,33000000000,0.11,1999
1999-03-31 23:54:00.000000,17.9,22.6,,,,,,234000000000,0.64,1999
1999-03-28 15:37:00.000000,0.8,97.6,,,,,,304000000000,0.81,1999
1999-03-02 22:23:00.000000,18.9,50.5,,,,,,59000000000,0.19,1999
1999-02-18 23:15:00.000000,54.9,64.6,,,,,,154000000000,0.44,1999
1999-02-01 14:24:00.000000,80.0,154.2,,,,,,28000000000,0.1,1999
1999-01-19 02:32:00.000000,7.9,85.8,,,,,,24000000000,0.09,1999
1999-01-14 08:06:00.000000,44.0,129.7,32.0,,,,,5060000000000,9.8,1999
1999-01-12 19:24:00.000000,,,,,,,,43000000000,0.14,1999
1999-01-11 05:18:00.000000,,,,,,,,24000000000,0.09,1999
1999-01-02 18:25:00.000000,47.0,103.0,65.0,,,,,35000000000,0.12,1999
1998-12-22 09:24:00.000000,,,,,,,,27000000000,0.1,1998
1998-11-23 20:20:00.000000,82.3,160.1,,,,,,25000000000,0.09,1998
1998-11-11 16:46:00.000000,6.5,156.4,,,,,,656000000000,1.6,1998
1998-10-03 12:58:00.000000,,,,,,,,32000000000,0.11,1998
1998-09-04 09:16:00.000000,,,,,,,,128000000000,0.38,1998
1998-09-01 11:15:00.000000,34.6,23.6,,,,,,24000000000,0.09,1998
1998-08-30 00:20:00.000000,,,,,,,,41000000000,0.14,1998
1998-08-08 12:55:00.000000,,,,,,,,23000000000,0.08,1998
1998-07-28 14:16:00.000000,,,,,,,,63000000000,0.2,1998
1998-03-24 09:08:00.000000,,,,,,,,27000000000,0.1,1998
1998-03-22 22:25:00.000000,1.4,26.6,,,,,,140000000000,0.41,1998
1998-01-08 16:10:00.000000,,,,,,,,62000000000,0.2,1998
1998-01-04 23:00:00.000000,35.1,33.4,30.0,17.1,6.0,-10.6,12.0,74000000000,0.23,1998
1997-12-28 03:58:00.000000,23.1,152.4,,,,,,31000000000,0.11,1997
1997-12-09 08:15:00.000000,62.7,49.9,,,,,,270000000000,0.73,1997
1997-11-07 07:46:00.000000,57.3,167.2,,,,,,800000000000,1.9,1997
1997-10-09 18:47:00.000000,31.8,106.0,37.0,,,,,190000000000,0.53,1997
1997-10-01 14:26:00.000000,46.7,108.9,,,,,,62000000000,0.2,1997
1997-09-30 12:31:00.000000,38.1,63.9,,,,,,23000000000,0.08,1997
1997-09-05 11:41:00.000000,31.1,56.4,,,,,,190000000000,0.53,1997
1997-08-20 17:16:00.000000,,,,,,,,26000000000,0.09,1997
1997-08-15 01:05:00.000000,,,,,,,,22000000000,0.08,1997
1997-07-30 03:01:00.000000,,,,,,,,50000000000,0.16,1997
1997-07-04 12:22:00.000000,15.8,175.8,,,,,,27000000000,0.1,1997
1997-05-22 08:30:00.000000,,,,,,,,45000000000,0.15,1997
1997-04-27 22:34:00.000000,16.7,87.5,,,,,,325000000000,0.86,1997
1997-02-19 04:31:00.000000,16.3,87.7,,,,,,140000000000,0.41,1997
1997-02-15 15:23:00.000000,35.5,115.6,,,,,,150000000000,0.43,1997
1997-02-06 18:28:00.000000,,,,,,,,26000000000,0.09,1997
1997-01-28 17:49:00.000000,,,,,,,,24000000000,0.09,1997
1997-01-23 10:03:00.000000,15.0,94.2,,,,,,270000000000,0.73,1997
1997-01-22 21:13:00.000000,32.2,29.0,,,,,,480000000000,1.2,1997
1997-01-04 06:46:00.000000,25.7,5.3,,,,,,43000000000,0.14,1997
1997-01-03 15:08:00.000000,,,,,,,,350000000000,0.92,1997
1996-12-17 04:16:00.000000,34.1,37.2,,,,,,41000000000,0.14,1996
1996-12-10 06:09:00.000000,,,,,,,,250000000000,0.68,1996
1996-12-04 17:00:00.000000,,,,,,,,49000000000,0.16,1996
1996-12-01 13:19:00.000000,,,,,,,,62000000000,0.2,1996
1996-11-22 10:06:00.000000,,,,,,,,68000000000,0.22,1996
1996-11-08 16:02:00.000000,,,,,,,,61000000000,0.2,1996
1996-10-30 12:48:00.000000,2.1,123.1,,,,,,21000000000,0.08,1996
1996-10-28 04:46:00.000000,27.4,79.4,,,,,,43000000000,0.14,1996
1996-10-23 08:28:00.000000,47.3,20.6,,,,,,44000000000,0.15,1996
1996-10-19 19:01:00.000000,29.7,34.7,,,,,,130000000000,0.38,1996
1996-10-07 17:43:00.000000,,,,,,,,45000000000,0.15,1996
1996-10-05 19:21:00.000000,49.6,145.9,,,,,,250000000000,0.68,1996
1996-08-17 15:46:00.000000,,,,,,,,34000000000,0.12,1996
1996-08-15 16:07:00.000000,,,,,,,,84000000000,0.26,1996
1996-08-09 18:14:00.000000,,,,,,,,30000000000,0.1,1996
1996-08-07 03:16:00.000000,,,,,,,,150000000000,0.43,1996
1996-08-06 04:50:00.000000,,,,,,,,130000000000,0.38,1996
1996-08-05 19:27:00.000000,,,,,,,,220000000000,0.61,1996
1996-08-05 15:19:00.000000,,,,,,,,80000000000,0.25,1996
1996-07-17 03:16:00.000000,31.8,111.4,,,,,,50000000000,0.16,1996
1996-07-12 14:04:00.000000,20.7,93.6,,,,,,32000000000,0.11,1996
1996-06-25 11:22:00.000000,,,,,,,,21000000000,0.08,1996
1996-05-08 01:02:00.000000,,,,,,,,28000000000,0.1,1996
1996-05-01 13:19:00.000000,,,,,,,,35000000000,0.12,1996
1996-03-31 00:53:00.000000,,,,,,,,27000000000,0.1,1996
1996-03-30 04:03:00.000000,31.1,84.3,,,,,,120000000000,0.36,1996
1996-03-29 20:30:00.000000,21.5,158.1,,,,,,128000000000,0.38,1996
1996-03-25 17:00:00.000000,,,,,,,,44000000000,0.15,1996
1996-03-13 08:31:00.000000,,,,,,,,230000000000,0.63,1996
1996-02-16 07:03:00.000000,,,,,,,,55000000000,0.18,1996
1996-02-15 02:38:00.000000,76.0,127.0,,,,,,50000000000,0.16,1996
1996-01-18 17:10:00.000000,,,,,,,,120000000000,0.36,1996
1996-01-15 13:44:00.000000,59.8,175.8,,,,,,260000000000,0.71,1996
1995-12-27 12:55:00.000000,,,,,,,,22000000000,0.08,1995
1995-12-22 13:26:00.000000,70.2,73.3,,,,,,450000000000,1.1,1995
1995-12-09 19:54:00.000000,2.9,79.0,,,,,,120000000000,0.36,1995
1995-11-25 05:29:00.000000,,,,,,,,29000000000,0.1,1995
1995-11-13 03:10:00.000000,,,,,,,,21000000000,0.08,1995
1995-10-01 02:42:00.000000,,,,,,,,35000000000,0.12,1995
1995-09-09 07:38:00.000000,,,,,,,,500000000000,1.3,1995
1995-08-24 21:54:00.000000,,,,,,,,120000000000,0.36,1995
1995-08-17 16:39:00.000000,,,,,,,,160000000000,0.46,1995
1995-08-06 04:38:00.000000,,,,,,,,55000000000,0.18,1995
1995-08-05 17:14:00.000000,11.6,104.3,,,,,,200000000000,0.56,1995
1995-07-11 18:38:00.000000,28.5,93.3,,,,,,130000000000,0.38,1995
1995-07-09 18:20:00.000000,0.9,66.3,,,,,,25000000000,0.09,1995
1995-07-07 17:33:00.000000,40.2,76.1,,,,,,140000000000,0.41,1995
1995-06-09 09:28:00.000000,,,,,,,,25000000000,0.09,1995
1995-04-02 12:32:00.000000,,,,,,,,25000000000,0.09,1995
1995-02-16 13:05:00.000000,16.7,141.7,,,,,,60000000000,0.19,1995
1995-01-18 10:17:00.000000,51.5,115.4,,,,,,70000000000,0.22,1995
1995-01-10 21:08:00.000000,,,,,,,,25000000000,0.09,1995
1995-01-04 04:16:00.000000,46.4,12.1,,,,,,41000000000,0.14,1995
1995-01-02 20:41:00.000000,,,,,,,,30000000000,0.1,1995
1994-12-18 12:45:00.000000,,,,,,,,50000000000,0.16,1994
1994-12-16 09:41:00.000000,42.2,27.6,,,,,,50000000000,0.16,1994
1994-11-03 20:01:00.000000,6.5,89.0,,,,,,2350000000000,5.0,1994
1994-11-01 06:50:00.000000,1.5,84.5,,,,,,1000000000000,2.3,1994
1994-10-27 04:21:00.000000,,,,,,,,320000000000,0.85,1994
1994-10-20 00:11:00.000000,45.2,1.9,,,,,,87000000000,0.27,1994
1994-10-08 03:24:00.000000,,,,,,,,66000000000,0.21,1994
1994-09-22 04:22:00.000000,,,,,,,,67000000000,0.21,1994
1994-08-15 23:16:00.000000,,,,,,,,164000000000,0.47,1994
1994-06-15 00:02:00.000000,45.0,73.5,,,,,,41000000000,0.14,1994
1994-06-03 20:48:00.000000,,,,,,,,509000000000,1.3,1994
1994-05-29 09:30:00.000000,52.8,2.3,,,,,,384000000000,1.0,1994
1994-02-01 22:38:00.000000,2.7,164.1,,,,,,18200000000000,30.0,1994
1993-11-29 17:48:00.000000,26.5,78.3,,,,,,26000000000,0.09,1993
1993-10-31 03:39:00.000000,51.3,100.9,,,,,,40000000000,0.13,1993
1991-10-04 09:22:00.000000,78.7,6.3,,,,,,550000000000,1.4,1991
1990-10-01 03:51:00.000000,7.5,142.8,,,,,,2500000000000,5.2,1990
1988-04-15 03:03:00.000000,4.1,124.3,,,,,,7580000000000,14.0,1988
